Sport,League,Home_Team,Away_Team,Scenario,Home_Line,Away_Line,Who_Won,Winning_Line
BASKETBALL,NBA,IND PACERS,DET PISTONS,n/a,-270,220,IND PACERS,-270
BASKETBALL,NBA,CHA HORNETS,BKN NETS,n/a,-148,124,BKN NETS,124
BASKETBALL,NBA,WAS WIZARDS,TOR RAPTORS,n/a,205,-250,TOR RAPTORS,-250
BASKETBALL,NBA,NY KNICKS,DEN NUGGETS,n/a,-142,120,NY KNICKS,-142
BASKETBALL,NBA,MIA HEAT,CLE CAVALIERS,n/a,230,-285,CLE CAVALIERS,-285
BASKETBALL,NBA,BOS CELTICS,CHI BULLS,n/a,-1100,700,BOS CELTICS,-1100
BASKETBALL,NBA,PHI 76ERS,SAC KINGS,n/a,310,-395,PHI 76ERS,310
BASKETBALL,NBA,NO PELICANS,DAL MAVERICKS,n/a,100,-120,DAL MAVERICKS,-120
BASKETBALL,NBA,SA SPURS,LA CLIPPERS,n/a,150,-180,LA CLIPPERS,-180
BASKETBALL,NBA,PHO SUNS,MIN TIMBERWOLVES,n/a,105,-125,MIN TIMBERWOLVES,-125
BASKETBALL,NBA,GS WARRIORS,OKC THUNDER,n/a,340,-440,GS WARRIORS,340
BASKETBALL,NBA,PHI 76ERS,LA LAKERS,n/a,145,-175,PHI 76ERS,145
BASKETBALL,NBA,ATL HAWKS,HOU ROCKETS,n/a,195,-238,HOU ROCKETS,-238
BASKETBALL,NBA,POR TRAIL BLAZERS,MIL BUCKS,n/a,170,-205,POR TRAIL BLAZERS,170
BASKETBALL,NBA,GS WARRIORS,UTA JAZZ,n/a,-700,500,GS WARRIORS,-700
BASKETBALL,NBA,CHA HORNETS,LA LAKERS,n/a,185,-225,LA LAKERS,-225
BASKETBALL,NBA,CLE CAVALIERS,DET PISTONS,n/a,-520,390,CLE CAVALIERS,-520
BASKETBALL,NBA,BOS CELTICS,HOU ROCKETS,n/a,-258,210,HOU ROCKETS,210
BASKETBALL,NBA,NY KNICKS,MEM GRIZZLIES,n/a,-155,130,NY KNICKS,-155
BASKETBALL,NBA,BKN NETS,SAC KINGS,n/a,470,-650,SAC KINGS,-650
BASKETBALL,NBA,MIA HEAT,ORL MAGIC,n/a,100,-120,MIA HEAT,100
BASKETBALL,NBA,TOR RAPTORS,NO PELICANS,n/a,105,-125,TOR RAPTORS,105
BASKETBALL,NBA,CHI BULLS,DEN NUGGETS,n/a,320,-410,CHI BULLS,320
BASKETBALL,NBA,MIN TIMBERWOLVES,ATL HAWKS,n/a,-470,360,MIN TIMBERWOLVES,-470
BASKETBALL,NBA,DAL MAVERICKS,WAS WIZARDS,n/a,-700,500,DAL MAVERICKS,-700
BASKETBALL,NBA,UTA JAZZ,MIL BUCKS,n/a,310,-395,MIL BUCKS,-395
BASKETBALL,NBA,PHO SUNS,LA CLIPPERS,n/a,110,-130,PHO SUNS,110
BASKETBALL,NBA,POR TRAIL BLAZERS,OKC THUNDER,n/a,600,-900,OKC THUNDER,-900
FOOTBALL,NFL,PHI EAGLES,WAS COMMANDERS,n/a,-285,230,PHI EAGLES,-285
FOOTBALL,NFL,KC CHIEFS,BUF BILLS,n/a,-125,105,KC CHIEFS,-125
BASKETBALL,NBA,SA SPURS,IND PACERS,n/a,110,-140,IND PACERS,-140
BASKETBALL,NBA,MIN TIMBERWOLVES,DEN NUGGETS,n/a,160,-192,MIN TIMBERWOLVES,160
BASKETBALL,NBA,DAL MAVERICKS,BOS CELTICS,n/a,270,-340,BOS CELTICS,-340
BASKETBALL,NBA,BKN NETS,MIA HEAT,n/a,310,-395,MIA HEAT,-395
BASKETBALL,NBA,ORL MAGIC,DET PISTONS,n/a,-148,124,ORL MAGIC,-148
BASKETBALL,NBA,CHA HORNETS,NO PELICANS,n/a,142,-170,CHA HORNETS,142
BASKETBALL,NBA,NY KNICKS,SAC KINGS,n/a,-192,160,NY KNICKS,-192
BASKETBALL,NBA,CLE CAVALIERS,HOU ROCKETS,n/a,-162,136,HOU ROCKETS,136
BASKETBALL,NBA,ATL HAWKS,TOR RAPTORS,n/a,-170,142,TOR RAPTORS,142
BASKETBALL,NBA,MEM GRIZZLIES,UTA JAZZ,n/a,-550,410,MEM GRIZZLIES,-550
BASKETBALL,NBA,CHI BULLS,PHI 76ERS,n/a,-180,150,PHI 76ERS,150
BASKETBALL,NBA,GS WARRIORS,LA LAKERS,n/a,-105,-115,LA LAKERS,-115
BASKETBALL,NBA,PHO SUNS,WAS WIZARDS,n/a,-950,625,PHO SUNS,-950
BASKETBALL,NBA,LA CLIPPERS,MIL BUCKS,n/a,-155,130,LA CLIPPERS,-155
BASKETBALL,NBA,PHI 76ERS,CLE CAVALIERS,n/a,400,-535,PHI 76ERS,400
BASKETBALL,NBA,CHA HORNETS,POR TRAIL BLAZERS,n/a,-218,180,POR TRAIL BLAZERS,180
BASKETBALL,NBA,MEM GRIZZLIES,NO PELICANS,n/a,-600,440,MEM GRIZZLIES,-600
BASKETBALL,COLLEGE MENS,BOWLING GREEN,TOLEDO,n/a,124,-148,TOLEDO,-148
BASKETBALL,COLLEGE MENS,MARQUETTE,VILLANOVA,n/a,-500,380,MARQUETTE,-500
BASKETBALL,COLLEGE MENS,OHIO,KENT STATE,n/a,100,-120,OHIO,100
BASKETBALL,COLLEGE MENS,STONEHILL,CHICAGO STATE,n/a,-470,360,STONEHILL,-470
BASKETBALL,COLLEGE MENS,NORTHERN KENTUCKY,MILWAUKEE,n/a,105,-125,MILWAUKEE,-125
BASKETBALL,COLLEGE MENS,DAYTON,SAINT JOSEPHS,n/a,-290,235,DAYTON,-290
BASKETBALL,COLLEGE MENS,PURDUE,MICHIGAN,n/a,-170,142,PURDUE,-170
BASKETBALL,COLLEGE MENS,IOWA,PENN STATE,n/a,-175,145,IOWA,-175
BASKETBALL,COLLEGE MENS,WASHINGTON,UCLA,n/a,180,-218,UCLA,-218
BASKETBALL,NBA,IND PACERS,SA SPURS,n/a,-148,124,SA SPURES,124
BASKETBALL,NBA,ORL MAGIC,POR TRAIL BLAZERS,n/a,-325,260,POR TRAIL BLAZERS,260
BASKETBALL,NBA,MIL BUCKS,MIA HEAT,n/a,-278,225,MIL BUCKS,-278
BASKETBALL,NBA,ATL HAWKS,TOR RAPTORS,n/a,-180,150,TOR RAPTORS,150
BASKETBALL,NBA,OKC THUNDER,DAL MAVERICKS,n/a,-850,575,DAL MAVERICKS,575
BASKETBALL,NBA,DEN NUGGETS,SAC KINGS,n/a,-395,310,DEN NUGGETS,-395
BASKETBALL,NBA,LA LAKERS,BOS CELTICS,n/a,154,-185,LA LAKERS,154
BASKETBALL,NBA,LA CLIPPERS,WAS WIZARDS,n/a,-900,600,LA CLIPPERS,-900
BASKETBALL,NBA,GS WARRIORS,CHI BULLS,n/a,-122,102,GS WARRIORS,-122
BASKETBALL,COLLEGE MENS,GEORGIA SOUTHERN,COASTAL CAROLINA,n/a,-258,210,GEORGIA SOUTHERN,-258
BASKETBALL,COLLEGE MENS,LOUISIANA,TEXAS STATE,n/a,220,-270,TEXAS STATE,-270
BASKETBALL,COLLEGE MENS,WILLIAM & MARY,HAMPTON,n/a,-285,230,WILLIAM & MARY,-285
BASKETBALL,COLLEGE MENS,UMASS LOWELL,MAINE,n/a,-205,170,MAINE,170
BASKETBALL,COLLEGE MENS,BELLARMINE,FLORIDA GULF COAST,n/a,525,-750,FLORIDA GULF COAST,-750
BASKETBALL,COLLEGE MENS,MEMPHIS,WICHITA STATE,n/a,-1000,650,MEMPHIS,-1000
BASKETBALL,COLLEGE MENS,ELON,MONMOUTH,n/a,-625,455,ELON,-625
BASKETBALL,COLLEGE MENS,TOWSON,NORTH CAROLINA A&T,n/a,-1100,700,TOWSON,-1100
BASKETBALL,COLLEGE MENS,VERMONT,NJIT,n/a,-1450,850,VERMONT,-1450
BASKETBALL,COLLEGE MENS,LOUISIANA TECH,WESTERN KENTUCKY,n/a,-225,185,LOUISIANA TECH,-225
BASKETBALL,COLLEGE MENS,GEORGIA STATE,MARSHALL,n/a,190,-1650,MARSHALL,-1650
BASKETBALL,COLLEGE MENS,NEW HAMPSHIRE,BRYANT,n/a,950,-1650,BRYANT,-1650
BASKETBALL,COLLEGE MENS,EASTERN KENTUCKY,STETSON,n/a,-900,600,STETSON,600
BASKETBALL,COLLEGE MENS,CHARLESTON,UNC WILMINGTON,n/a,-155,130,UNC WILMINGTON,130
BASKETBALL,COLLEGE MENS,WEST GEORGIA,JACKSONVILLE,n/a,380,-500,JACKSONVILLE,-500
BASKETBALL,COLLEGE MENS,NORTHEASTERN,DREXEL,n/a,-148,124,NORTHEASTERN,-148
BASKETBALL,COLLEGE MENS,SAINT PETERS,MERRIMACK,n/a,-110,-110,MERRIMACK,-110
BASKETBALL,COLLEGE MENS,CHATTANOOGA,SAMFORD,n/a,-102,-118,SAMFORD,-118
BASKETBALL,COLLEGE MENS,QUEENS NC,NORTH FLORIDA,n/a,-198,164,NORTH FLORIDA,164
BASKETBALL,COLLEGE MENS,NORTH ALABAMA,LIPSCOMB,n/a,-102,-118,NORTH ALABAMA,-102
BASKETBALL,COLLEGE MENS,SAM HOUSTON,MIDDLE TENNESSEE,n/a,110,-130,MIDDLE TENNESSEE,-130
BASKETBALL,COLLEGE MENS,CENTRAL ARKANSAS,AUSTIN PEAY,n/a,110,-130,AUSTIN PEAY,-130
BASKETBALL,COLLEGE MENS,ORAL ROBERTS,DENVER,n/a,-230,190,DENVER,190
BASKETBALL,COLLEGE MENS,UMKC,SOUTH DAKOTA STATE,n/a,170,-205,SOUTH DAKOTA STATE,-205
BASKETBALL,COLLEGE MENS,NORTH DAKOTA,SOUTH DAKOTA,n/a,-166,140,SOUTH DAKOTA,140
BASKETBALL,COLLEGE MENS,ABILENE CHRISTIAN,TARLETON STATE,n/a,-175,145,ABILENE CHRISTIAN,-175
BASKETBALL,COLLEGE MENS,UT ARLINGTON,SEATTLE,n/a,110,-130,UT ARLINGTON,110
BASKETBALL,COLLEGE MENS,OMAHA,SAINT THOMAS MN,n/a,136,-162,OMAHA,136
BASKETBALL,COLLEGE MENS,SOUTHERN UTAH,GRAND CANYON,n/a,455,-625,GRAND CANYON,-625
BASKETBALL,COLLEGE MENS,WESTERN ILLINOIS,LITTLE ROCK,n/a,170,-205,LITTLE ROCK,-205
BASKETBALL,COLLEGE MENS,SIU EDWARDSVILLE,SOUTHERN INDIANA,n/a,-298,240,SIU EDWARDSVILLE,-298
BASKETBALL,COLLEGE MENS,TENNESSEE STATE,TENNESSEE TECH,n/a,-192,160,TENNESSEE STATE,-192
BASKETBALL,COLLEGE MENS,LINDENWOOD,SE MISSOURI STATE,n/a,114,-135,LINDENWOOD,114
BASKETBALL,COLLEGE MENS,ILLINOIS,MARYLAND,n/a,-325,260,MARYLAND,-325
BASKETBALL,COLLEGE MENS,SAINT MARYS,SAN FRANCISCO,n/a,-550,410,SAINT MARYS,-550
BASKETBALL,COLLEGE MENS,NEW MEXICO STATE,KENNESAW STATE,n/a,-380,300,KENNESAW STATE,300
BASKETBALL,COLLEGE MENS,ARKANSAS STATE,APPALACHIAN STATE,n/a,-345,275,ARKANSAS STATE,-345
BASKETBALL,COLLEGE MENS,UTEP,JACKSONVILLE STATE,n/a,-290,235,JACKSONVILLE STATE,235
BASKETBALL,COLLEGE MENS,UC DAVIS,HAWAII,n/a,-118,-102,UC DAVIS,-118
BASKETBALL,COLLEGE MENS,EASTERN ILLINOIS,MOREHEAD STATE,n/a,164,-198,MOREHEAD STATE,-198
BASKETBALL,COLLEGE MENS,IDAHO,NORTHERN COLORADO,n/a,150,-180,IDAHO,150
BASKETBALL,COLLEGE MENS,EASTERN WASHINGTON,NORTHERN ARIZONA,n/a,-148,124,NORTHERN ARIZONA,124
BASKETBALL,COLLEGE MENS,OREGON STATE,PEPPERDINE,n/a,-1200,750,OREGON STATE,-1200
BASKETBALL,COLLEGE MENS,UC SAN DIEGO,UC SANTA BARBARA,n/a,-550,410,UC SAN DIEGO,-550
BASKETBALL,COLLEGE MENS,CSUN,LONG BEACH STATE,n/a,-1100,700,CSUN,-1100
BASKETBALL,COLLEGE MENS,UC RIVERSIDE,UC IRVINE,n/a,260,-325,UC RIVERSIDE,260
BASKETBALL,COLLEGE MENS,PACIFIC,LOYOLA MARYMOUNT,n/a,225,-278,LOYOLA MARYMOUNT,-278
BASKETBALL,COLLEGE MENS,CAL STATE FULLERTON,CSU BAKERSFIELD,n/a,160,-192,CSU BAKERSFIELD,-192
BASKETBALL,COLLEGE MENS,PORTLAND STATE,WEBER STATE,n/a,-162,136,PORTLAND STATE,-162
BASKETBALL,COLLEGE MENS,SACRAMENTO STATE,IDAHO STATE,n/a,210,-258,SACRAMENTO STATE,210
BASKETBALL,COLLEGE MENS,PORTLAND,SAN DIEGO,n/a,-155,130,PORTLAND,-155
BASKETBALL,COLLEGE MENS,SANTA CLARA,WASHINGTON STATE,n/a,-225,185,SANTA CLARA,-225
BASKETBALL,COLLEGE MENS,CALIFORNIA BAPTIST,UTAH VALLEY,n/a,-162,136,UTAH VALLEY,136
BASKETBALL,NBA,BKN NETS,PHO SUNS,n/a,550,-800,PHO SUNS,-800
BASKETBALL,NBA,DAL MAVERICKS,MIN TIMBERWOLVES,n/a,130,-155,MIN TIMBERWOLVES,-155
BASKETBALL,NBA,ATL HAWKS,DET PISTONS,n/a,-148,124,DET PISTONS,124
BASKETBALL,NBA,OKC THUNDER,UTA JAZZ,n/a,-1600,900,OKC THUNDER,-1600
BASKETBALL,NBA,HOU ROCKETS,CLE CAVALIERS,n/a,114,-135,HOU ROCKETS,114
BASKETBALL,NBA,MEM GRIZZLIES,CHA HORNETS,n/a,-750,525,MEM GRIZZLIES,-750
BASKETBALL,NBA,SAC KINGS,GS WARRIORS,n/a,-285,230,SAC KINGS,-285
BASKETBALL,NBA,LA CLIPPERS,BOS CELTICS,n/a,390,-520,BOS CELTICS,-520
BASKETBALL,COLLEGE MENS,HOUSTON,UTAH,n/a,-2400,1200,HOUSTON,-2400
BASKETBALL,COLLEGE MENS,VMI,FURMAN,n/a,330,-425,VMI,330
BASKETBALL,COLLEGE MENS,YOUNGSTOWN STATE,ROBERT MORRIS,n/a,-155,130,ROBERT MORRIS,130
BASKETBALL,COLLEGE MENS,TCU,KANSAS,n/a,220,-270,KANSAS,-270
BASKETBALL,COLLEGE MENS,NORTHWESTERN,INDIANA,n/a,-258,210,NORTHWESTERN,-258
BASKETBALL,COLLEGE MENS,SOUTH CAROLINA,FLORIDA,n/a,500,-700,FLORIDA,-700
BASKETBALL,COLLEGE MENS,GEORGIA TECH,VIRGINIA TECH,n/a,-245,200,GEORGIA TECH,-245
BASKETBALL,COLLEGE MENS,UNC GREENSBORO,MERCER,n/a,-425,330,MERCER,330
BASKETBALL,COLLEGE MENS,WOFFORD,THE CITADEL,n/a,-1650,950,WOFFORD,-1650
BASKETBALL,COLLEGE MENS,OLD DOMINION,JAMES MADISON,n/a,164,-198,JAMES MADISON,-198
BASKETBALL,COLLEGE MENS,USC UPSTATE,HIGH POINT,n/a,850,-1450,HIGH POINT,-1450
BASKETBALL,COLLEGE MENS,CLEVELAND STATE,DETROIT MERCY,n/a,-1450,850,CLEVELAND STATE,-1450
BASKETBALL,COLLEGE MENS,UMASS,GEORGE WASHINGTON,n/a,-118,-102,UMASS,-118
BASKETBALL,COLLEGE MENS,ETSU,WESTERN CAROLINA,n/a,-1450,850,ETSU,-1450
BASKETBALL,COLLEGE MENS,CHARLOTTE,SOUTH FLORIDA,n/a,114,-135,CHARLOTTE,114
BASKETBALL,COLLEGE MENS,OAKLAND,PURDUE FORT WAYNE,n/a,-120,100,OAKLAND,-120
BASKETBALL,COLLEGE MENS,WRIGHT STATE,MILWAUKEE,n/a,-142,120,MILWAUKEE,120
BASKETBALL,COLLEGE MENS,AMERICAN,LEHIGH,n/a,-265,215,AMERICAN,-265
BASKETBALL,COLLEGE MENS,SOUTHERN ILLINOIS,MURRAY STATE,n/a,-105,-115,MURRAY STATE,-115
BASKETBALL,COLLEGE MENS,RADFORD,LONGWOOD,n/a,-155,130,LONGWOOD,130
BASKETBALL,COLLEGE MENS,GREEN BAY,IU INDIANAPOLIS,n/a,110,-130,IU INDIANAPOLIS,-130
BASKETBALL,COLLEGE MENS,LOYOLA MARYLAND,LAFAYETTE,n/a,-130,110,LAFAYETTE,110
BASKETBALL,COLLEGE MENS,NAVY,BOSTON UNIVERSITY,n/a,-120,100,NAVY,-120
BASKETBALL,COLLEGE MENS,GARDNER-WEBB,UNC ASHEVILLE,n/a,-120,100,UNC ASHEVILLE,100
BASKETBALL,COLLEGE MENS,DRAKE,VALPARAISO,n/a,-1350,800,DRAKE,-1350
BASKETBALL,COLLEGE MENS,PRESBYTERIAN,CHARLESTON SOUTHERN,n/a,-142,120,PRESBYTERIAN,-142
BASKETBALL,COLLEGE MENS,NORTH TEXAS,TEMPLE,n/a,-470,360,NORTH TEXAS,-470
BASKETBALL,COLLEGE MENS,SAINT LOUIS,LA SALLE,n/a,-550,410,SAINT LOUIS,-550
BASKETBALL,COLLEGE MENS,COLORADO STATE,BOISE STATE,n/a,-112,-108,COLORADO STATE,-112
BASKETBALL,COLLEGE MENS,EVANSVILLE,ILLINOIS CHICAGO,n/a,180,-218,ILLINOIS CHICAGO,-218
BASKETBALL,COLLEGE MENS,OLE MISS,TEXAS A&M,n/a,-162,136,TEXAS A&M,136
BASKETBALL,COLLEGE MENS,NEBRASKA,USC,n/a,-258,210,USC,210
BASKETBALL,COLLEGE MENS,BAYLOR,KANSAS STATE,n/a,-1000,650,BAYLOR,-1000
BASKETBALL,COLLEGE MENS,ARKANSAS,GEORGIA,n/a,-112,-108,ARKANSAS,-112
BASKETBALL,COLLEGE MENS,UTAH STATE,NEVADA,n/a,-305,245,UTAH STATE,-305
BASKETBALL,COLLEGE MENS,CALIFORNIA,FLORIDA STATE,n/a,110,-130,CALIFORNIA,110
BASKETBALL,COLLEGE MENS,AIR FORCE,SAN DIEGO STATE,n/a,750,-1200,SAN DIEGO STATE,-1200
BASKETBALL,COLLEGE MENS,STANFORD,MIAMI FL,n/a,-675,490,STANFORD,-675
BASKETBALL,NBA,DEN NUGGETS,PHI 76ERS,n/a,-800,550,DEN NUGGETS,-800
BASKETBALL,NBA,LA LAKERS,WAS WIZARDS,n/a,-900,600,LA LAKERS,-900
BASKETBALL,COLLEGE MENS,TEXAS,MISSOURI,n/a,-148,124,TEXAS,-148
BASKETBALL,COLLEGE MENS,SMU,LOUISVILLE,n/a,-130,110,LOUISVILLE,110
BASKETBALL,COLLEGE MENS,WEST VIRGINIA,ARIZONA STATE,n/a,-440,340,ARIZONA STATE,340
BASKETBALL,COLLEGE MENS,IOWA,MINNESOTA,n/a,-375,295,MINNESOTA,295
BASKETBALL,COLLEGE MENS,WAKE FOREST,NORTH CAROLINA,n/a,-110,-110,WAKE FOREST,-110
BASKETBALL,COLLEGE MENS,DEPAUL,CREIGHTON,n/a,245,-305,CREIGHTON,-305
BASKETBALL,COLLEGE MENS,OKLAHOMA STATE,ARIZONA,n/a,295,-375,ARIZONA,-375
BASKETBALL,COLLEGE MENS,UCLA,WISCONSIN,n/a,-170,142,UCLA,-170
BASKETBALL,COLLEGE MENS,OREGON,WASHINGTON,n/a,-950,625,OREGON,-950
BASKETBALL,COLLEGE MENS,UNLV,WYOMING,n/a,-410,320,WYOMING,320
BASKETBALL,NBA,CHA HORNETS,DAL MAVERICKS,n/a,290,-410,CHA HORNETS,290
BASKETBALL,NBA,HOU ROCKETS,DET PISTONS,n/a,-325,260,DET PISTONS,260
BASKETBALL,NBA,MEM GRIZZLIES,MIN TIMBERWOLVES,n/a,-245,200,MEM GRIZZLIES,-245
BASKETBALL,NBA,NY KNICKS,ATL HAWKS,n/a,-270,220,NY KNICKS,-270
BASKETBALL,NBA,CLE CAVALIERS,PHO SUNS,n/a,-310,250,CLE CAVALIERS,-310
BASKETBALL,NBA,GS WARRIORS,BOS CELTICS,n/a,350,-455,BOS CELTICS,-455
BASKETBALL,NBA,NO PELICANS,UTA JAZZ,n/a,-520,390,NO PELICANS,-520
BASKETBALL,NBA,LA CLIPPERS,CHI BULLS,n/a,-238,195,CHI BULLS,195
FOOTBALL,CFB,NOTRE DAME,OHIO STATE,NATIONAL CHAMPIONSHIP,300,-380,OHIO STATE,-380
BASKETBALL,COLLEGE MENS,UNC WILMINGTON,WILLIAM & MARY,n/a,-310,250,UNC WILMINGTON,-310
BASKETBALL,COLLEGE MENS,YALE,DARTMOUTH,n/a,-1800,1000,YALE,-1800
BASKETBALL,COLLEGE MENS,HARVARD,PENNSYLVANIA,n/a,-310,250,PENNSYLVANIA,250
BASKETBALL,COLLEGE MENS,NORTHWESTERN STATE,NEW ORLEANS,n/a,-440,340,NORTHWESTERN STATE,-440
BASKETBALL,COLLEGE MENS,EAST TEXAS A&M,SE LOUISIANA,n/a,205,-250,SE LOUISIANA,-250
BASKETBALL,COLLEGE MENS,NICHOLLS STATE,LAMAR,n/a,-185,154,LAMAR,154
BASKETBALL,COLLEGE MENS,PRAIRIE VIEW,ALCORN,n/a,-185,154,ALCORN,154
BASKETBALL,COLLEGE MENS,MCNEESE,STEPHEN F AUSTIN,n/a,-1650,950,MCNEESE,-1650
BASKETBALL,COLLEGE MENS,TEXAS SOUTHERN,JACKSON STATE,n/a,-192,160,TEXAS SOUTHERN,-192
BASKETBALL,COLLEGE MENS,NEW MEXICO,FRESNO STATE,n/a,-4000,1600,NEW MEXICO,-4000
BASKETBALL,COLLEGE MENS,INCARNATE WORD,UT RIO GRANDE VALLEY,n/a,-175,145,UT RIO GRANDE VALLEY,145
BASKETBALL,COLLEGE MENS,VILLANOVA,GEORGETOWN,n/a,-425,330,GEORGETOWN,330
BASKETBALL,COLLEGE MENS,PENN STATE,RUTGERS,n/a,-310,250,PENN STATE,-310
BASKETBALL,COLLEGE MENS,FLORIDA A&M,MISSISSIPPI VALLEY,n/a,-1450,850,FLORIDA A&M,-1450
BASKETBALL,COLLEGE MENS,BETHUNE-COOKMAN,ARKANSAS-PINE BLUFF,n/a,-950,625,BETHUNE-COOKMAN,-950
BASKETBALL,COLLEGE MENS,HOUSTON CHRISTIAN,A&M-CORPUS CHRISTI,n/a,205,-250,HOUSTON CHRISTIAN,205
BASKETBALL,COLLEGE MENS,CHICAGO STATE,FAIRLEIGH DICKINSON,n/a,136,-162,FAIRLEIGH DICKINSON,-162
BASKETBALL,COLLEGE MENS,MONTANA STATE,EASTERN WASHINGTON,n/a,-245,200,MONTANA STATE,-245
BASKETBALL,COLLEGE MENS,MONTANA,IDAHO,n/a,-218,180,MONTANA,-218
BASKETBALL,COLLEGE MENS,NORTH CAROLINA A&T,HAMPTON,n/a,120,-142,HAMPTON,-142
BASKETBALL,NBA,MIA HEAT,SA SPURS,n/a,-155,130,MIA HEAT,-155
BASKETBALL,NBA,ORL MAGIC,DEN NUGGETS,n/a,235,-290,DEN NUGGETS,-290
BASKETBALL,NBA,OKC THUNDER,BKN NETS,n/a,-1800,1000,OKC THUNDER,-1800
BASKETBALL,NBA,MIL BUCKS,PHI 76ERS,n/a,-625,455,MIL BUCKS,-625
BASKETBALL,NBA,LA CLIPPERS,LA LAKERS,n/a,-175,145,LA CLIPPERS,-175
BASKETBALL,NBA,SAC KINGS,WAS WIZARDS,n/a,-1600,900,SAC KINGS,-1600
BASKETBALL,NBA,POR TRAIL BLAZERS,CHI BULLS,n/a,195,-238,POR TRAIL BLAZERS,195
FOOTBALL,NFL,KC CHIEFS,HOU TEXANS,PLAYOFFS,-500,380,KC CHIEFS,-500
FOOTBALL,NFL,DET LIONS,WAS COMMANDERS,PLAYOFFS,-470,360,WAS COMMANDERS,360
FOOTBALL,NFL,PHI EAGLES,LA RAMS,PLAYOFFS,-290,235,PHI EAGLES,-290
FOOTBALL,NFL,BUF BILLS,BAL RAVENS,PLAYOFFS,-102,-118,BUF BILLS,-102
BASKETBALL,NBA,DET PISTONS,PHO SUNS,n/a,-105,-115,PHO SUNS,-115
BASKETBALL,NBA,IND PACERS,PHI 76ERS,n/a,-410,320,IND PACERS,-410
BASKETBALL,NBA,BOS CELTICS,ATL HAWKS,n/a,-500,380,ATL HAWKS,380
BASKETBALL,NBA,GS WARRIORS,WAS WIZARDS,n/a,-900,600,GS WARRIROS,-900
BASKETBALL,NBA,MIN TIMBERWOLVES,CLE CAVALIERS,n/a,205,-250,CLE CAVALIERS,-250
BASKETBALL,NBA,POR TRAIL BLAZERS,HOU ROCKETS,n/a,440,-600,HOU ROCKETS,-600
BASKETBALL,NBA,BOS CELTICS,ORL MAGIC,n/a,-1200,750,BOS CELTICS,-1200
BASKETBALL,NBA,NY KNICKS,MIN TIMBERWOLVES,n/a,-192,160,MIN TIMBERWOLVES,160
BASKETBALL,NBA,MIL BUCKS,TOR RAPTORS,n/a,-600,440,MIL BUCKS,-600
BASKETBALL,NBA,CHI BULLS,CHA HORNETS,n/a,-192,160,CHA HORNETS,160
BASKETBALL,NBA,MIA HEAT,DEN NUGGETS,n/a,-115,-105,DEN NUGGETS,-105
BASKETBALL,NBA,NO PELICANS,UTA JAZZ,n/a,-650,470,NO PELICANS,-650
BASKETBALL,NBA,DAL MAVERICKS,OKC THUNDER,n/a,260,-325,DAL MAVERICKS,260
BASKETBALL,NBA,SA SPURS,MEM GRIZZLIES,n/a,120,-142,MEM GRIZZLIES,-142
BASKETBALL,NBA,LA LAKERS,BKN NETS,n/a,-600,440,LA LAKERS,-600
BASKETBALL,COLLEGE MENS,AKRON,OHIO,n/a,-135,114,AKRON,-135
BASKETBALL,COLLEGE MENS,VILLANOVA,PROVIDENCE,n/a,-410,320,VILLANOVA,-410
BASKETBALL,COLLEGE MENS,SAINT JOSEPHS,VCU,n/a,114,-135,VCU,-135
BASKETBALL,COLLEGE MENS,GREEN BAY,ROBERT MORRIS,n/a,180,-218,ROBERT MORRIS,-218
BASKETBALL,COLLEGE MENS,GEORGETOWN,DEPAUL,n/a,-470,360,DEPAUL,360
BASKETBALL,COLLEGE MENS,OHIO STATE,INDIANA,n/a,-325,260,INDIANA,260
BASKETBALL,COLLEGE MENS,MILWAUKEE,YOUNGSTOWN STATE,n/a,-192,160,MILWAUKEE,-192
BASKETBALL,COLLEGE MENS,UCLA,IOWA,n/a,-310,250,UCLA,-310
BASKETBALL,COLLEGE MENS,FRESNO STATE,AIR FORCE,n/a,-230,190,FRESNO STATE,-230
BASKETBALL,COLLEGE MENS,NEW MEXICO,BOISE STATE,n/a,-166,140,NEW MEXICO,-166
BASKETBALL,NBA,DET PISTONS,IND PACERS,n/a,-130,110,IND PACERS,110
BASKETBALL,NBA,WAS WIZARDS,PHO SUNS,n/a,470,-650,PHO SUNS,-650
BASKETBALL,NBA,OKC THUNDER,CLE CAVALIERS,n/a,-130,110,OKC THUNDER,-130
BASKETBALL,NBA,SAC KINGS,HOU ROCKETS,n/a,-180,150,SAC KINGS,-180
BASKETBALL,NBA,POR TRAIL BLAZERS,LA CLIPPERS,n/a,215,-265,LA CLIPPERS,-265
BASKETBALL,COLLEGE MENS,UMBC,NEW HAMPSHIRE,n/a,-1350,800,NEW HAMPSHIRE,800
BASKETBALL,COLLEGE MENS,FLORIDA GULF COAST,WEST GEORGIA,n/a,-1350,800,FLORIDA GULF COAST,-1350
BASKETBALL,COLLEGE MENS,BELLARMINE,LIPSCOMB,n/a,1000,-1800,LIPSCOMB,-1800
BASKETBALL,COLLEGE MENS,MINNESOTA,MICHIGAN,n/a,400,-535,MINNESOTA,400
BASKETBALL,COLLEGE MENS,TEMPLE,MEMPHIS,n/a,310,-395,TEMPLE,310
BASKETBALL,COLLEGE MENS,JAMES MADISON,MARSHALL,n/a,-265,215,JAMES MADISON,-265
BASKETBALL,COLLEGE MENS,CAMPBELL,CHARLESTON,n/a,160,-192,CHARLESTON,-192
BASKETBALL,COLLEGE MENS,RIDER,MOUNT SAINT MARYS,n/a,100,-120,RIDER,100
BASKETBALL,COLLEGE MENS,NORTH FLORIDA,CENTRAL ARKANSAS,n/a,-485,370,NORTH FLORIDA,-485
BASKETBALL,COLLEGE MENS,UNC WILMINGTON,NORTHEASTERN,n/a,-265,215,UNC WILMINGTON,-265
BASKETBALL,COLLEGE MENS,FIU,NEW MEXICO STATE,n/a,160,-192,NEW MEXICO STATE,-192
BASKETBALL,COLLEGE MENS,QUINNIPIAC,MERRIMACK,n/a,-155,130,QUINNIPIAC,-155
BASKETBALL,COLLEGE MENS,COASTAL CAROLINA,GEORGIA SOUTHERN,n/a,-135,114,GEORGIA SOUTHERN,114
BASKETBALL,COLLEGE MENS,DREXEL,ELON,n/a,-125,105,ELON,105
BASKETBALL,COLLEGE MENS,OLD DOMINION,APPALACHIAN STATE,n/a,170,-205,APPALACHIAN STATE,-205
BASKETBALL,COLLEGE MENS,JACKSONVILLE STATE,LOUISIANA TECH,n/a,136,-162,JACKSONVILLE STATE,136
BASKETBALL,COLLEGE MENS,HAMPTON,WILLIAM & MARY,n/a,140,-166,WILLIAM & MARY,-166
BASKETBALL,COLLEGE MENS,STETSON,QUEENS NC,n/a,200,-245,QUEENS NC,-245
BASKETBALL,COLLEGE MENS,LONGWOOD,HIGH POINT,n/a,170,-205,LONGWOOD,170
BASKETBALL,COLLEGE MENS,KENNESAW STATE,SAM HOUSTON,n/a,-102,-118,KENNESAW STATE,-102
BASKETBALL,COLLEGE MENS,NORTH CAROLINA A&T,MONMOUTH,n/a,105,-125,MONMOUTH,-125
BASKETBALL,COLLEGE MENS,JACKSONVILLE,NORTH ALABAMA,n/a,-105,-115,JACKSONVILLE,-105
BASKETBALL,COLLEGE MENS,ARKANSAS STATE,LOUISIANA,n/a,-2100,1100,ARKANSAS STATE,-2100
BASKETBALL,COLLEGE MENS,SOUTH DAKOTA STATE,NORTH DAKOTA,n/a,-650,470,SOUTH DAKOTA STATE,-650
BASKETBALL,COLLEGE MENS,NORTH DAKOTA STATE,UMKC,n/a,-440,340,NORTH DAKOTA STATE,-440
BASKETBALL,COLLEGE MENS,SOUTH DAKOTA,ORAL ROBERTS,n/a,-340,270,SOUTH DAKOTA,-340
BASKETBALL,COLLEGE MENS,NORTHERN ARIZONA,SACRAMENTO STATE,n/a,-440,340,NORTHERN ARIZONA,-440
BASKETBALL,COLLEGE MENS,NORTHERN COLORADO,PORTLAND STATE,n/a,-425,330,NORTHERN COLORADO,-425
BASKETBALL,COLLEGE MENS,UT ARLINGTON,UTAH VALLEY,n/a,105,-125,UTAH VALLEY,-125
BASKETBALL,COLLEGE MENS,TARLETON STATE,CALIFORNIA BAPTIST,n/a,130,-155,TARLETON STATE,130
BASKETBALL,COLLEGE MENS,AUSTIN PEAY,EASTERN KENTUCKY,n/a,124,-148,AUSTIN PEAY,124
BASKETBALL,COLLEGE MENS,UT MARTIN,EASTERN ILLINOIS,n/a,-250,205,UT MARTIN,-250
BASKETBALL,COLLEGE MENS,TENNESSEE STATE,SIU EDWARDSVILLE,n/a,-130,110,SIU EDWARDSVILLE,110
BASKETBALL,COLLEGE MENS,SOUTHERN INDIANA,LINDENWOOD,n/a,-118,-102,SOUTHERN INDIANA,-118
BASKETBALL,COLLEGE MENS,TENNESSEE TECH,SE MISSOURI STATE,n/a,-142,120,SE MISSOURI STATE,120
BASKETBALL,COLLEGE MENS,NEBRASKA,RUTGERS,n/a,-440,340,RUTGERS,340
BASKETBALL,COLLEGE MENS,NORTHWESTERN,MARYLAND,n/a,105,-125,NORTHWESTERN,105
BASKETBALL,COLLEGE MENS,LIBERTY,UTEP,n/a,-380,300,UTEP,300
BASKETBALL,COLLEGE MENS,GRAND CANYON,ABILENE CHRISTIAN,n/a,-1200,750,GRAND CANYON,-1200
BASKETBALL,COLLEGE MENS,IDAHO STATE,MONTANA STATE,n/a,-120,100,IDAHO STATE,-120
BASKETBALL,COLLEGE MENS,WEBER STATE,MONTANA,n/a,-120,100,MONTANA,100
BASKETBALL,COLLEGE MENS,SAN DIEGO,WASHINGTON STATE,n/a,625,-950,WASHINGTON STATE,-950
BASKETBALL,COLLEGE MENS,PEPPERDINE,SAN FRANCISCO,n/a,215,-265,SAN FRANCISCO,-265
BASKETBALL,COLLEGE MENS,UC IRVINE,CAL STATE FULLERTON,n/a,-3200,1400,UC IRVINE,-3200
BASKETBALL,COLLEGE MENS,SEATTLE,UTAH TECH,n/a,-800,550,SEATTLE,-800
BASKETBALL,COLLEGE MENS,LONG BEACH STATE,UC SAN DIEGO,n/a,800,-1350,UC SAN DIEGO,-1350
BASKETBALL,COLLEGE MENS,LOYOLA MARYMOUNT,SANTA CLARA,n/a,185,-225,LOYOLA MARYMOUNT,185
BASKETBALL,COLLEGE MENS,UC SANTA BARBARA,UC RIVERSIDE,n/a,-245,200,UC SANTA BARBARA,-245
BASKETBALL,COLLEGE MENS,CAL POLY,UC DAVIS,n/a,-180,150,UC DAVIS,150
BASKETBALL,COLLEGE MENS,PORTLAND,PACIFIC,n/a,-148,124,PORLAND,-148
BASKETBALL,COLLEGE MENS,OREGON STATE,GONZAGA,n/a,380,-500,OREGON STATE,380
BASKETBALL,COLLEGE MENS,HAWAII,CSUN,n/a,-175,145,CSUN,145
BASKETBALL,NBA,PHI 76ERS,NY KNICKS,n/a,185,-225,NY KNICKS,-225
BASKETBALL,NBA,TOR RAPTORS,BOS CELTICS,n/a,700,-1100,TOR RAPTORS,700
BASKETBALL,NBA,MIL BUCKS,ORL MAGIC,n/a,-225,185,MIL BUCKS,-225
BASKETBALL,NBA,SA SPURS,MEM GRIZZLIES,n/a,114,-135,MEM GRIZZLIES,-135
BASKETBALL,NBA,CHI BULLS,ATL HAWKS,n/a,-125,105,ATL HAWKS,105
BASKETBALL,NBA,NO PELICANS,DAL MAVERICKS,n/a,114,-135,NO PELICANS,114
BASKETBALL,NBA,DEN NUGGETS,HOU ROCKETS,n/a,-120,100,HOU ROCKETS,100
BASKETBALL,NBA,UTA JAZZ,CHA HORNETS,n/a,170,-205,CHA HORNETS,-205
BASKETBALL,NBA,MIN TIMBERWOLVES,GS WARRIORS,n/a,-245,200,GS WARRIORS,200
BASKETBALL,NBA,LA LAKERS,MIA HEAT,n/a,-218,180,LA LAKERS,-218
BASKETBALL,NBA,LA CLIPPERS,BKN NETS,n/a,-950,625,LA CLIPPERS,-950
BASKETBALL,COLLEGE MENS,VANDERBILT,SOUTH CAROLINA,n/a,-455,350,VANDERBILT,-455
BASKETBALL,COLLEGE MENS,BOSTON UNIVERSITY,LEHIGH,n/a,-180,150,BOSTON UNIVERSITY,-180
BASKETBALL,COLLEGE MENS,VMI,WESTERN CAROLINA,n/a,-135,114,VMI,-135
BASKETBALL,COLLEGE MENS,WAKE FOREST,STANFORD,n/a,-310,250,WAKE FOREST,-310
BASKETBALL,COLLEGE MENS,WINTHROP,CHARLESTON SOUTHERN,n/a,-625,455,WINTHROP,-625
BASKETBALL,COLLEGE MENS,LA SALLE,DAVIDSON,n/a,120,-142,LA SALLE,120
BASKETBALL,COLLEGE MENS,UNC ASHEVILLE,USC UPSTATE,n/a,-850,575,UNC ASHEVILLE,-850
BASKETBALL,COLLEGE MENS,IOWA STATE,KANSAS,n/a,-250,205,IOWA STATE,-250
BASKETBALL,COLLEGE MENS,NORTH CAROLINA,CALIFORNIA,n/a,-1600,900,NORTH CAROLINA,-1600
BASKETBALL,COLLEGE MENS,DAYTON,GEORGE MASON,n/a,-375,295,GEORGE MASON,295
BASKETBALL,COLLEGE MENS,BUTLER,SETON HALL,n/a,-345,275,BUTLER,-345
BASKETBALL,COLLEGE MENS,OAKLAND,IU INDIANAPOLIS,n/a,-470,360,OAKLAND,-470
BASKETBALL,COLLEGE MENS,VIRGINIA TECH,NC STATE,n/a,100,-120,VIRGINIA TECH,100
BASKETBALL,COLLEGE MENS,MERCER,SAMFORD,n/a,205,-250,SAMFORD,-250
BASKETBALL,COLLEGE MENS,GEORGE WASHINGTON,DUQUESNE,n/a,-180,150,DUQUESNE,150
BASKETBALL,COLLEGE MENS,UNC GREENSBORO,THE CITADEL,n/a,-1600,900,UNC GREENSBORO,-1600
BASKETBALL,COLLEGE MENS,CLEVELAND STATE,NORTHERN KENTUCKY,n/a,-205,170,CLEVELAND STATE,-205
BASKETBALL,COLLEGE MENS,FURMAN,ETSU,n/a,-175,145,FURMAN,-175
BASKETBALL,COLLEGE MENS,SOUTH FLORIDA,UAB,n/a,136,-162,UAB,-162
BASKETBALL,COLLEGE MENS,RADFORD,GARDNER-WEBB,n/a,-290,235,RADFORD,-290
BASKETBALL,COLLEGE MENS,CHATTANOOGA,WOFFORD,n/a,-175,145,CHATTANOOGA,-175
BASKETBALL,COLLEGE MENS,BUCKNELL,HOLY CROSS,n/a,-265,215,BUCKNELL,-265
BASKETBALL,COLLEGE MENS,WRIGHT STATE,PURDUE FORT WAYNE,n/a,-102,-118,PURDUE FORT WAYNE,-118
BASKETBALL,COLLEGE MENS,MISSOURI STATE,SOUTHERN ILLINOIS,n/a,-175,145,SOUTHERN ILLINOIS,145
BASKETBALL,COLLEGE MENS,MICHIGAN STATE,PENN STATE,n/a,-750,525,MICHIGAN STATE,-750
BASKETBALL,COLLEGE MENS,ULM,TROY,n/a,675,-1050,TROY,-1050
BASKETBALL,COLLEGE MENS,TULANE,FLORIDA ATLANTIC,n/a,114,-135,TULANE,114
BASKETBALL,COLLEGE MENS,TENNESSEE,GEORGIA,n/a,-750,525,TENNESSEE,-750
BASKETBALL,COLLEGE MENS,HOUSTON,WEST VIRGINIA,n/a,-2100,1100,HOUSTON,-2100
BASKETBALL,COLLEGE MENS,BRADLEY,INDIANA STATE,n/a,-380,300,BRADLEY,-380
BASKETBALL,COLLEGE MENS,TEXAS STATE,GEORGIA STATE,n/a,-520,390,TEXAS STATE,-520
BASKETBALL,COLLEGE MENS,TCU,UTAH,n/a,-218,180,UTAH,180
BASKETBALL,COLLEGE MENS,SOUTH ALABAMA,SOUTHERN MISS,n/a,-900,600,SOUTH ALABAMA,-900
BASKETBALL,COLLEGE MENS,ILLINOIS CHICAGO,MURRAY STATE,n/a,-148,124,ILLINOIS CHICAGO,-148
BASKETBALL,COLLEGE MENS,DRAKE,ILLINOIS STATE,n/a,-575,425,DRAKE,-575
BASKETBALL,COLLEGE MENS,VIRGINIA,SMU,n/a,215,-265,SMU,-265
BASKETBALL,COLLEGE MENS,FLORIDA STATE,PITTSBURGH,n/a,120,-142,FLORIDA STATE,120
BASKETBALL,COLLEGE MENS,COLORADO,CINCINNATI,n/a,136,-162,CINCINNATI,-162
BASKETBALL,COLLEGE MENS,LOYOLA CHICAGO,RHODE ISLAND,n/a,-162,136,LOYOLA CHICAGO,-162
BASKETBALL,COLLEGE MENS,DENVER,OMAHA,n/a,164,-198,OMAHA,-198
BASKETBALL,COLLEGE MENS,WASHINGTON,PURDUE,n/a,270,-340,PURDUE,-340
BASKETBALL,COLLEGE MENS,OKLAHOMA,TEXAS,n/a,-148,124,TEXAS,124
BASKETBALL,COLLEGE MENS,UNLV,UTAH STATE,n/a,190,-230,UNLV,190
BASKETBALL,NBA,IND PACERS,CLE CAVALIERS,n/a,250,-310,CLE CAVALIERS,-310
BASKETBALL,NBA,PHI 76ERS,OKC THUNDER,n/a,470,-650,OKC THUNDER,-650
BASKETBALL,NBA,ATL HAWKS,PHO SUNS,n/a,136,-162,ATL HAWKS,136
BASKETBALL,NBA,MIL BUCKS,SAC KINGS,n/a,-135,114,MIL BUCKS,-135
BASKETBALL,NBA,CHI BULLS,NO PELICANS,n/a,-120,100,NO PELICANS,100
BASKETBALL,NBA,DAL MAVERICKS,DEN NUGGETS,n/a,136,-162,DEN NUGGETS,-162
BASKETBALL,NBA,POR TRAIL BLAZERS,BKN NETS,n/a,-218,180,BKN NETS,180
BASKETBALL,COLLEGE MENS,XAVIER,VILLANOVA,n/a,-148,124,XAVIER,-148
BASKETBALL,COLLEGE MENS,KENTUCKY,TEXAS A&M,n/a,-285,230,KENTUCKY,-285
BASKETBALL,COLLEGE MENS,AUBURN,MISSISSIPPI STATE,n/a,-355,280,AUBURN,-355
BASKETBALL,COLLEGE MENS,ALABAMA,OLE MISS,n/a,-700,500,OLE MISS,500
BASKETBALL,COLLEGE MENS,DEPAUL,MARQUETTE,n/a,750,-1200,MARQUETTE,-1200
BASKETBALL,COLLEGE MENS,INDIANA,ILLINOIS,n/a,140,-166,ILLINOIS,-166
BASKETBALL,COLLEGE MENS,OHIO,BALL STATE,n/a,-535,400,OHIO,-535
BASKETBALL,COLLEGE MENS,VCU,SAINT LOUIS,n/a,-500,380,VCU,-500
BASKETBALL,COLLEGE MENS,KENT STATE,WESTERN MICHIGAN,n/a,-1000,650,WESTERN MICHIGAN,650
BASKETBALL,COLLEGE MENS,AKRON,TOLEDO,n/a,-278,225,AKRON,-278
BASKETBALL,COLLEGE MENS,NORTHERN ILLINOIS,MIAMI OH,n/a,525,-750,MIAMI OH,-750
BASKETBALL,COLLEGE MENS,EAST CAROLINA,NORTH TEXAS,n/a,130,-155,NORTH TEXAS,-155
BASKETBALL,COLLEGE MENS,CENTRAL MICHIGAN,EASTERN MICHIGAN,n/a,-305,245,CENTRAL MICHIGAN,-305
BASKETBALL,COLLEGE MENS,WICHITA STATE,CHARLOTTE,n/a,-550,410,WICHITA STATE,-550
BASKETBALL,COLLEGE MENS,BELMONT,VALPARAISO,n/a,-290,235,BELMONT,-290
BASKETBALL,COLLEGE MENS,NORTHERN IOWA,EVANSVILLE,n/a,-1100,700,NORTHERN IOWA,-1100
BASKETBALL,COLLEGE MENS,RICE,UTSA,n/a,-198,164,UTSA,164
BASKETBALL,COLLEGE MENS,CREIGHTON,PROVIDENCE,n/a,-425,330,CREIGHTON,-425
BASKETBALL,COLLEGE MENS,SE MISSOURI STATE,LITTLE ROCK,n/a,-120,100,LITTLE ROCK,100
BASKETBALL,COLLEGE MENS,FLORIDA,MISSOURI,n/a,-625,455,MISSOURI,455
BASKETBALL,COLLEGE MENS,DUKE,MIAMI FL,n/a,-5000,1800,DUKE,-5000
BASKETBALL,COLLEGE MENS,WISCONSIN,OHIO STATE,n/a,-290,235,WISCONSIN,-290
BASKETBALL,COLLEGE MENS,GEORGIA TECH,CLEMSON,n/a,180,-218,CLEMSON,-218
BASKETBALL,COLLEGE MENS,BOISE STATE,WYOMING,n/a,-1600,900,BOISE STATE,-1600
BASKETBALL,COLLEGE MENS,KANSAS STATE,TEXAS TECH,n/a,235,-290,TEXAS TECH,-290
BASKETBALL,COLLEGE MENS,BYU,OKLAHOMA STATE,n/a,-1350,800,BYU,-1350
BASKETBALL,COLLEGE MENS,LSU,ARKANSAS,n/a,102,-122,LSU,102
BASKETBALL,COLLEGE MENS,NEVADA,AIR FORCE,n/a,-3600,1500,NEVADA,-3600
BASKETBALL,COLLEGE MENS,SAN JOSE STATE,NEW MEXICO,n/a,410,-550,SAN JOSE STATE,410
BASKETBALL,COLLEGE MENS,USC,IOWA,n/a,-142,120,USC,-142
BASKETBALL,COLLEGE MENS,ARIZONA STATE,UCF,n/a,-175,145,UCF,145
BASKETBALL,COLLEGE MENS,ARIZONA,BAYLOR,n/a,-238,195,ARIZONA,-238
BASKETBALL,COLLEGE MENS,SAN DIEGO STATE,COLORADO STATE,n/a,-305,245,SAN DIEGO STATE,-305
FOOTBALL,NFL,HOU TEXANS,LA CHARGERS,PLAYOFFS,136,-162,HOU TEXANS,136
FOOTBALL,NFL,BAL RAVENS,PIT STEELERS,PLAYOFFS,-485,370,BAL RAVENS,-485
FOOTBALL,NFL,BUF BILLS,DEN BRONCOS,PLAYOFFS,-425,330,BUF BILLS,-425
FOOTBALL,NFL,PHI EAGLES,GB PACKERS,PLAYOFFS,-230,190,PHI EAGLES,-230
FOOTBALL,NFL,TB BUCCANEERS,WAS COMMANDERS,PLAYOFFS,-175,145,WAS COMMANDERS,145
FOOTBALL,NFL,LA RAMS,MIN VIKINGS,PLAYOFFS,124,-148,LA RAMS,124
BASKETBALL,NBA,WAS WIZARDS,MIN TIMBERWOLVES,n/a,650,-1000,MIN TIMBERWOLVES,-1000
BASKETBALL,NBA,NY KNICKS,DET PISTONS,n/a,-340,270,DET PISTONS,270
BASKETBALL,NBA,TOR RAPTORS,GS WARRIORS,n/a,195,-238,TOR RAPTORS,195
BASKETBALL,NBA,HOU ROCKETS,MEM GRIZZLIES,n/a,-135,114,HOU ROCKETS,-135
BASKETBALL,NBA,LA LAKERS,SA SPURS,n/a,-166,140,SA SPURS,140
BASKETBALL,NBA,LA CLIPPERS,MIA HEAT,n/a,-238,195,LA CLIPPERS,-238
BASKETBALL,COLLEGE MENS,ARKANSAS-PINE BLUFF,PRAIRIE VIEW,n/a,180,-218,PRAIRIE VIEW,-218
BASKETBALL,COLLEGE MENS,RUTGERS,UCLA,n/a,140,-166,RUTGERS,140
BASKETBALL,COLLEGE MENS,MARYLAND,MINNESOTA,n/a,-1800,1000,MARYLAND,-1800
BASKETBALL,COLLEGE MENS,NOTRE DAME,BOSTON COLLEGE,n/a,-700,500,NOTRE DAME,-700
BASKETBALL,COLLEGE MENS,FURMAN,WOFFORD,n/a,-250,205,WOFFORD,205
BASKETBALL,COLLEGE MENS,MISSISSIPPI VALLEY,TEXAS SOUTHERN,n/a,1100,-2100,TEXAS SOUTHERN,-2100
BASKETBALL,COLLEGE MENS,ALCORN,ALABAMA STATE,n/a,145,-175,ALCORN,145
BASKETBALL,COLLEGE MENS,LOYOLA MARYLAND,AMERICAN,n/a,-135,114,AMERICAN,114
BASKETBALL,COLLEGE MENS,HOWARD,COPPIN STATE,n/a,-1050,675,HOWARD,-1050
BASKETBALL,COLLEGE MENS,UT RIO GRANDE VALLEY,EAST TEXAS A&M,n/a,-900,600,UT RIO GRANDE VALLEY,-900
BASKETBALL,COLLEGE MENS,MORGAN STATE,NORFOLK STATE,n/a,425,-575,MORGAN STATE,425
BASKETBALL,COLLEGE MENS,SOUTH CAROLINA STATE,MD EASTERN SHORE,n/a,-1600,900,SOUTH CAROLINA STATE,-1600
BASKETBALL,COLLEGE MENS,SOUTHERN UNIVERSITY,BETHUNE-COOKMAN,n/a,-250,205,SOUTHERN UNIVERSITY,-250
BASKETBALL,COLLEGE MENS,NC CENTRAL,DELAWARE STATE,n/a,-278,225,NC CENTRAL,-278
BASKETBALL,COLLEGE MENS,STEPHEN F. AUSTIN,SE LOUISIANA,n/a,-245,200,SE LOUISIANA,200
BASKETBALL,COLLEGE MENS,INCARNATE WORD,NICHOLLS STATE,n/a,-120,100,NICHOLLS STATE,100
BASKETBALL,COLLEGE MENS,HOUSTON CHRISTIAN,MCNEESE,n/a,1000,-1800,MCNEESE,-1800
BASKETBALL,COLLEGE MENS,LAMAR,NEW ORLEANS,n/a,-1350,800,NEW ORLEANS,800
BASKETBALL,COLLEGE MENS,JACKSON STATE,ALABAMA A&M,n/a,-455,350,JACKSON STATE,-455
BASKETBALL,COLLEGE MENS,A&M-CORPUS CHRISTI,NORTHWESTERN STATE,n/a,-440,340,A&M-CORPUS CHRISTI,-440
BASKETBALL,COLLEGE MENS,ELON,CAMPBELL,n/a,-345,275,ELON,-345
BASKETBALL,COLLEGE MENS,GRAMBLING,FLORIDA A&M,n/a,-355,280,GRAMBLING,-355
BASKETBALL,NBA,ORL MAGIC,MIL BUCKS,n/a,215,-265,MIL BUCKS,-265
BASKETBALL,NBA,PHI 76ERS,NO PELICANS,n/a,-205,170,NO PELICANS,170
BASKETBALL,NBA,IND PACERS,GS WARRIORS,n/a,-305,245,IND PACERS,-305
BASKETBALL,NBA,NY KNICKS,OKC THUNDER,n/a,160,-192,OKC THUNDER,-192
BASKETBALL,NBA,BOS CELTICS,SAC KINGS,n/a,-500,380,SAC KINGS,380
BASKETBALL,NBA,CHI BULLS,WAS WIZARDS,n/a,-625,455,CHI BULLS,-625
BASKETBALL,NBA,DEN NUGGETS,BKN NETS,n/a,-1200,750,DEN NUGGETS,-1200
FOOTBALL,CFB,TEXAS,OHIO STATE,n/a,190,-230,OHIO STATE,-230
BASKETBALL,COLLEGE MENS,WISCONSIN,MINNESOTA,n/a,-1200,750,WISCONSIN,-1200
BASKETBALL,COLLEGE MENS,SAINT FRANCIS PA,MERCYHURST,n/a,-155,130,SAINT FRANCIS PA,-155
BASKETBALL,COLLEGE MENS,MARYLAND,UCLA,n/a,-218,180,MARYLAND,-218
BASKETBALL,COLLEGE MENS,TOLEDO,CENTRAL MICHIGAN,n/a,-192,160,TOLEDO,-192
BASKETBALL,NBA,ORL MAGIC,MIN TIMBERWOLVES,n/a,180,-218,MIN TIMBERWOLVES,-218
BASKETBALL,NBA,DET PISTONS,GS WARRIORS,n/a,-130,110,GS WARRIORS,110
BASKETBALL,NBA,CLE CAVALIERS,TOR RAPTORS,n/a,-1350,800,CLE CAVALIERS,-1350
BASKETBALL,NBA,MEM GRIZZLIES,HOU ROCKETS,n/a,-108,-112,HOU ROCKETS,-112
BASKETBALL,NBA,DAL MAVERICKS,POR TRAIL BLAZERS,n/a,-310,250,DAL MAVERICKS,-310
BASKETBALL,NBA,PHO SUNS,ATL HAWKS,n/a,-225,185,PHO SUNS,-225
BASKETBALL,NBA,UTA JAZZ,MIA HEAT,n/a,180,-218,MIA HEAT,-218
FOOTBALL,CFB,PENN STATE,NOTRE DAME,n/a,105,-125,NOTRE DAME,-125
BASKETBALL,COLLEGE MENS,LITTLE ROCK,MOREHEAD STATE,n/a,-180,150,MOREHEAD STATE,150
BASKETBALL,COLLEGE MENS,CHATTANOOGA,UNC GREENSBORO,n/a,-175,145,UNC GREENSBORO,145
BASKETBALL,COLLEGE MENS,RUTGERS,PURDUE,n/a,114,-135,PURDUE,-135
BASKETBALL,COLLEGE MENS,OHIO STATE,OREGON,n/a,-162,136,OREGON,136
BASKETBALL,COLLEGE MENS,UMASS LOWELL,VERMONT,n/a,-250,205,VERMONT,205
BASKETBALL,COLLEGE MENS,IU INDIANAPOLIS,DETROIT MERCY,n/a,-205,170,IU INDIANAPOLIS,-205
BASKETBALL,COLLEGE MENS,BELLARMINE,JACKSONVILLE,n/a,260,-325,JACKSONVILLE,-325
BASKETBALL,COLLEGE MENS,TROY,TEXAS STATE,n/a,-298,240,TEXAS STATE,240
BASKETBALL,COLLEGE MENS,MONMOUTH,UNC WILMINGTON,n/a,160,-192,UNC WILMINGTON,-192
BASKETBALL,COLLEGE MENS,WRIGHT STATE,OAKLAND,n/a,-155,130,WRIGHT STATE,-155
BASKETBALL,COLLEGE MENS,NORTH CAROLINA A&T,DELAWARE,n/a,150,-180,DELAWARE,-180
BASKETBALL,COLLEGE MENS,HAMPTON,CAMPBELL,n/a,-205,170,CAMPBELL,170
BASKETBALL,COLLEGE MENS,NJIT,UMBC,n/a,295,-375,UMBC,-375
BASKETBALL,COLLEGE MENS,TOWSON,NORTHEASTERN,n/a,-218,180,TOWSON,-218
BASKETBALL,COLLEGE MENS,MARSHALL,JAMES MADISON,n/a,-125,105,MARSHALL,-125
BASKETBALL,COLLEGE MENS,WILLIAM & MARY,ELON,n/a,-148,124,WILLIAM & MARY,-148
BASKETBALL,COLLEGE MENS,EASTERN KENTUCKY,NORTH FLORIDA,n/a,-166,140,EASTERN KENTUCKY,-166
BASKETBALL,COLLEGE MENS,FLORIDA GULF COAST,NORTH ALABAMA,n/a,-120,100,FLORIDA GULF COAST,-120
BASKETBALL,COLLEGE MENS,STETSON,CENTRAL ARKANSAS,n/a,-130,110,STETSON,-130
BASKETBALL,COLLEGE MENS,LOUISIANA TECH,FIU,n/a,-360,285,LOUISIANA TECH,-360
BASKETBALL,COLLEGE MENS,MIDDLE TENNESSEE,KENNESAW STATE,n/a,-440,340,MIDDLE TENNESSEE,-440
BASKETBALL,COLLEGE MENS,MICHIGAN STATE,WASHINGTON,n/a,-1350,800,MICHIGAN STATE,-1350
BASKETBALL,COLLEGE MENS,ORAL ROBERTS,NORTH DAKOTA STATE,n/a,250,-310,NORTH DAKOTA STATE,-310
BASKETBALL,COLLEGE MENS,SAMFORD,VMI,n/a,-2100,1100,SAMFORD,-2100
BASKETBALL,COLLEGE MENS,SOUTHERN MISS,ULM,n/a,-425,330,SOUTHERN MISS,-425
BASKETBALL,COLLEGE MENS,LIPSCOMB,QUEENS NC,n/a,-1600,900,QUEENS NC,900
BASKETBALL,COLLEGE MENS,AUSTIN PEAY,WEST GEORGIA,n/a,-380,300,WEST GEORGIA,300
BASKETBALL,COLLEGE MENS,WESTERN KENTUCKY,JACKSONVILLE STATE,n/a,-290,235,JACKSONVILLE STATE,-290
BASKETBALL,COLLEGE MENS,UTAH VALLEY,GRAND CANYON,n/a,130,-155,UTAH VALLEY,130
BASKETBALL,COLLEGE MENS,LOUISIANA,OLD DOMINION,n/a,-192,160,OLD DOMINION,160
BASKETBALL,COLLEGE MENS,SOUTH ALABAMA,ARKANSAS STATE,n/a,-120,100,SOUTH ALABAMA,-120
BASKETBALL,COLLEGE MENS,SE MISSOURI STATE,SOUTHERN INDIANA,n/a,-325,260,SE MISSOURI STATE,-325
BASKETBALL,COLLEGE MENS,SOUTHERN UTAH,TARLETON STATE,n/a,-310,250,TARLETON STATE,250
BASKETBALL,COLLEGE MENS,EASTERN ILLINOIS,TENNESSEE TECH,n/a,-130,110,TENNESSEE TECH,110
BASKETBALL,COLLEGE MENS,LINDENWOOD,TENNESSEE STATE,n/a,-125,105,LINDENWOOD,-125
BASKETBALL,COLLEGE MENS,WESTERN ILLINOIS,UT MARTIN,n/a,-115,-105,UT MARTIN,-105
BASKETBALL,COLLEGE MENS,UC DAVIS,CAL STATE FULLERTON,n/a,-375,295,UC DAVIS,-375
BASKETBALL,COLLEGE MENS,MONTANA,NORTHERN ARIZONA,n/a,-355,280,MONTANA,-355
BASKETBALL,COLLEGE MENS,UTAH TECH,UT ARLINGTON,n/a,150,-180,UTAH TECH,150
BASKETBALL,COLLEGE MENS,DENVER,NORTH DAKOTA,n/a,-130,110,NORTH DAKOTA,110
BASKETBALL,COLLEGE MENS,MONTANA STATE,NORTHERN COLORADO,n/a,-118,-102,NORTHERN COLORADO,-102
BASKETBALL,COLLEGE MENS,SAM HOUSTON,LIBERTY,n/a,"","",LIBERTY,""
BASKETBALL,COLLEGE MENS,WASHINGTON STATE,PACIFIC,n/a,-2100,1100,PACIFIC,1100
BASKETBALL,COLLEGE MENS,UC SAN DIEGO,CAL POLY,n/a,-1600,900,UC SAN DIEGO,-1600
BASKETBALL,COLLEGE MENS,SAN FRANCISCO,PORTLAND,n/a,-4000,1600,SAN FRANCISCO,-4000
BASKETBALL,COLLEGE MENS,SANTA CLARA,OREGON STATE,n/a,-278,225,SANTA CLARA,-278
BASKETBALL,COLLEGE MENS,UC SANTA BARBARA,CSU BAKERSFIELD,n/a,-375,295,UC SANTA BARBARA,-375
BASKETBALL,COLLEGE MENS,CSUN,UC IRVINE,n/a,145,-175,UC IRVINE,-175
BASKETBALL,COLLEGE MENS,UC RIVERSIDE,HAWAII,n/a,-148,124,HAWAII,124
BASKETBALL,COLLEGE MENS,PORTLAND STATE,EASTERN WASHINGTON,n/a,-162,136,PORTLAND STATE,-162
BASKETBALL,COLLEGE MENS,SACRAMENTO STATE,IDAHO,n/a,136,-162,IDAHO,-162
BASKETBALL,NBA,CLE CAVALIERS,OKC THUNDER,n/a,-142,120,CLE CAVALIERS,-142
BASKETBALL,NBA,IND PACERS,CHI BULLS,n/a,-245,200,IND PACERS,-245
BASKETBALL,NBA,PHI 76ERS,WAS WIZARDS,n/a,-550,410,PHI 76ERS,-550
BASKETBALL,NBA,NY KNICKS,TOR RAPTORS,n/a,-700,500,NY KNICKS,-700
BASKETBALL,NBA,BKN NETS,DET PISTONS,n/a,270,-340,DET PISTONS,-340
BASKETBALL,NBA,NO PELICANS,POR TRAIL BLAZERS,n/a,-142,120,POR TRAIL BLAZERS,120
BASKETBALL,NBA,DEN NUGGETS,LA CLIPPERS,n/a,114,-135,DEN NUGGETS,114
BASKETBALL,NBA,MIL BUCKS,SA SPURS,n/a,-198,164,MIL BUCKS,-198
BASKETBALL,COLLEGE MENS,HOLY CROSS,NAVY,n/a,-125,105,HOLY CROSS,-125
BASKETBALL,COLLEGE MENS,VILLANOVA,UCONN,n/a,-120,100,VILLANOVA,-120
BASKETBALL,COLLEGE MENS,SETON HALL,DEPAUL,n/a,-162,136,SETON HALL,-162
BASKETBALL,COLLEGE MENS,APPALACHIAN STATE,COASTAL CAROLINA,n/a,-360,285,APPALACHIAN STATE,-360
BASKETBALL,COLLEGE MENS,YOUNGSTOWN STATE,NORTHERN KENTUCKY,n/a,-130,110,YOUNGSTOWN STATE,-130
BASKETBALL,COLLEGE MENS,LA SALLE,LOYOLA CHICAGO,n/a,114,-135,LOYOLA CHICAGO,-135
BASKETBALL,COLLEGE MENS,SOUTH CAROLINA,ALABAMA,n/a,425,-575,ALABAMA,-575
BASKETBALL,COLLEGE MENS,ARKANSAS,OLE MISS,n/a,-192,160,OLE MISS,160
BASKETBALL,COLLEGE MENS,INDIANA,USC,n/a,-298,240,INDIANA,-298
BASKETBALL,COLLEGE MENS,GEORGE MASON,RICHMOND,n/a,-1000,650,GEORGE MASON,-1000
BASKETBALL,COLLEGE MENS,UMASS,DAYTON,n/a,440,-600,UMASS,440
BASKETBALL,COLLEGE MENS,THE CITADEL,FURMAN,n/a,850,-1450,FURMAN,-1450
BASKETBALL,COLLEGE MENS,MIAMI FL,FLORIDA STATE,n/a,-130,110,FLORIDA STATE,110
BASKETBALL,COLLEGE MENS,UCF,COLORADO,n/a,-325,260,UCF,-325
BASKETBALL,COLLEGE MENS,WOFFORD,WESTERN CAROLINA,n/a,-1450,850,WOFFORD,-1450
BASKETBALL,COLLEGE MENS,NC STATE,NOTRE DAME,n/a,-155,130,NC STATE,-155
BASKETBALL,COLLEGE MENS,RHODE ISLAND,GEORGE WASHINGTON,n/a,-278,225,GEORGE WASHINGTON,225
BASKETBALL,COLLEGE MENS,CHARLOTTE,FLORIDA ATLANTIC,n/a,210,-258,FLORIDA ATLANTIC,-258
BASKETBALL,COLLEGE MENS,BRADLEY,DRAKE,n/a,-135,114,DRAKE,114
BASKETBALL,COLLEGE MENS,NORTHERN IOWA,MURRAY STATE,n/a,-245,200,MURRAY STATE,200
BASKETBALL,COLLEGE MENS,CHARLESTON SOUTHERN,HIGH POINT,n/a,310,-395,HIGH POINT,-395
BASKETBALL,COLLEGE MENS,BUCKNELL,LAFAYETTE,n/a,-175,145,BUCKNELL,-175
BASKETBALL,COLLEGE MENS,EAST CAROLINA,TEMPLE,n/a,-162,136,EAST CAROLINA,-162
BASKETBALL,COLLEGE MENS,DUQUESNE,SAINT JOSEPHS,n/a,136,-162,DUQUESNE,136
BASKETBALL,COLLEGE MENS,PURDUE FORT WAYNE,MILWAUKEE,n/a,-155,130,PURDUE FORT WAYNE,-155
BASKETBALL,COLLEGE MENS,LONGWOOD,UNC ASHEVILLE,n/a,-180,150,LONGWOOD,-180
BASKETBALL,COLLEGE MENS,USC UPSTATE,PRESBYTERIAN,n/a,160,-192,USC UPSTATE,160
BASKETBALL,COLLEGE MENS,MERCER,ETSU,n/a,120,-142,ETSU,-142
BASKETBALL,COLLEGE MENS,GARDNER-WEBB,WINTHROP,n/a,140,-166,GARDNER-WEBB,140
BASKETBALL,COLLEGE MENS,ROBERT MORRIS,CLEVELAND STATE,n/a,-142,120,CLEVELAND STATE,120
BASKETBALL,COLLEGE MENS,BOSTON UNIVERSITY,AMERICAN,n/a,-155,130,BOSTON UNIVERSITY,-155
BASKETBALL,COLLEGE MENS,BELMONT,SOUTHERN ILLINOIS,n/a,-625,455,BELMONT,-625
BASKETBALL,COLLEGE MENS,EVANSVILLE,ILLINOIS STATE,n/a,200,-245,EVANSVILLE,200
BASKETBALL,COLLEGE MENS,VALPARAISO,INDIANA STATE,n/a,-170,142,VALPARAISO,-170
BASKETBALL,COLLEGE MENS,PROVIDENCE,BUTLER,n/a,-142,120,PROVIDENCE,-142
BASKETBALL,COLLEGE MENS,GEORGIA STATE,GEORGIA SOUTHERN,n/a,-155,130,GEORGIA STATE,-155
BASKETBALL,COLLEGE MENS,KANSAS,ARIZONA STATE,n/a,-1600,900,KANSAS,-1600
BASKETBALL,COLLEGE MENS,ILLINOIS,PENN STATE,n/a,-600,440,ILLINOIS,-600
BASKETBALL,COLLEGE MENS,OKLAHOMA,TEXAS A&M,n/a,-166,140,TEXAS A&M,-166
BASKETBALL,COLLEGE MENS,NORTH TEXAS,RICE,n/a,-650,470,NORTH TEXAS,-650
BASKETBALL,COLLEGE MENS,STANFORD,VIRGINIA TECH,n/a,-375,295,STANFORD,-375
BASKETBALL,COLLEGE MENS,GONZAGA,SAN DIEGO,n/a,"","",GONZAGA,""
BASKETBALL,COLLEGE MENS,SAINT THOMAS MN,SOUTH DAKOTA STATE,n/a,-180,150,SAINT THOMAS MN,-180
BASKETBALL,COLLEGE MENS,OMAHA,UMKC,n/a,-122,102,OMAHA,-122
BASKETBALL,COLLEGE MENS,SAN DIEGO STATE,AIR FORCE,n/a,-3600,1500,SAN DIEGO STATE,-3600
BASKETBALL,COLLEGE MENS,CALIFORNIA,VIRGINIA,n/a,-205,170,CALIFORNIA,-205
BASKETBALL,NBA,WAS WIZARDS,HOU ROCKETS,n/a,550,-800,HOU ROCKETS,-800
BASKETBALL,NBA,CHA HORNETS,PHO SUNS,n/a,160,-192,CHA HORNETS,160
BASKETBALL,NBA,DAL MAVERICKS,LA LAKERS,n/a,225,-278,DAL MAVERICKS,225
BASKETBALL,NBA,NO PELICANS,MIN TIMBERWOLVES,n/a,180,-218,MIN TIMBERWOLVES,-218
BASKETBALL,NBA,UTA JAZZ,ATL HAWKS,n/a,210,-258,ATL HAWKS,-258
BASKETBALL,NBA,DEN NUGGETS,BOS CELTICS,n/a,200,-245,BOS CELTICS,-245
BASKETBALL,NBA,GS WARRIORS,MIA HEAT,n/a,-425,330,MIA HEAT,330
BASKETBALL,COLLEGE MENS,MORGAN STATE,NC CENTRAL,n/a,140,-166,MORGAN STATE,140
BASKETBALL,COLLEGE MENS,FLORIDA,TENNESSEE,n/a,-192,160,FLORIDA,-192
BASKETBALL,COLLEGE MENS,GEORGIA,KENTUCKY,n/a,120,-142,GEORGIA,120
BASKETBALL,COLLEGE MENS,DUKE,PITTSBURGH,n/a,-1450,850,DUKE,-1450
BASKETBALL,COLLEGE MENS,WEST VIRGINIA,ARIZONA,n/a,140,-166,ARIZONA,-166
BASKETBALL,COLLEGE MENS,LOUISVILLE,CLEMSON,n/a,-166,140,LOUISVILLE,-166
BASKETBALL,COLLEGE MENS,AKRON,CENTRAL MICHIGAN,n/a,-380,300,AKRON,-380
BASKETBALL,COLLEGE MENS,TOLEDO,EASTERN MICHIGAN,n/a,-535,400,TOLEDO,-535
BASKETBALL,COLLEGE MENS,NORTHERN ILLINOIS,KENT STATE,n/a,625,-950,KENT STATE,-950
BASKETBALL,COLLEGE MENS,WESTERN MICHIGAN,BOWLING GREEN,n/a,-218,180,BOWLING GREEN,-218
BASKETBALL,COLLEGE MENS,BALL STATE,MIAMIA OH,n/a,100,-120,MIAMI OH,-120
BASKETBALL,COLLEGE MENS,UAB,TULANE,n/a,-410,320,UAB,-410
BASKETBALL,COLLEGE MENS,MARQUETTE,GEORGETOWN,n/a,-1000,650,MARQUETTE,-1000
BASKETBALL,COLLEGE MENS,IOWA STATE,UTAH,n/a,-2100,1100,IOWA STATE,-2100
BASKETBALL,COLLEGE MENS,BAYLOR,CINCINNATI,n/a,-245,200,BAYLOR,-245
BASKETBALL,COLLEGE MENS,IOWA,NEBRASKA,n/a,-180,150,IOWA,-180
BASKETBALL,COLLEGE MENS,OKLAHOMA STATE,KANSAS STATE,n/a,-155,130,OKLAHOMA STATE,-155
BASKETBALL,COLLEGE MENS,UTSA,TULSA,n/a,-218,180,TULSA,180
BASKETBALL,COLLEGE MENS,MISSOURI STATE,ILLINOIS CHICAGO,n/a,-142,120,ILLINOIS CHICAGO,120
BASKETBALL,COLLEGE MENS,EASTERN ILLINOIS,SIU EDWARDSVILLE,n/a,124,-148,SIU EDWARDSVILLE,-148
BASKETBALL,COLLEGE MENS,TEXAS,AUBURN,n/a,470,-650,AUBURN,-650
BASKETBALL,COLLEGE MENS,NORTH CAROLINA,SMU,n/a,-285,230,NORTH CAROLINA,-285
BASKETBALL,COLLEGE MENS,VANDERBILT,MISSISSIPPI STATE,n/a,130,-155,MISSISSIPPI STATE,-155
BASKETBALL,COLLEGE MENS,COLORADO STATE,FRESNO STATE,n/a,-1450,850,COLORADO STATE,-1450
BASKETBALL,COLLEGE MENS,BYU,TEXAS TECH,n/a,-130,110,TEXAS TECH,110
BASKETBALL,COLLEGE MENS,MISSOURI,LSU,n/a,-290,235,MISSOURI,-290
BASKETBALL,COLLEGE MENS,UCLA,MICHIGAN,n/a,-155,130,MICHIGAN,130
BASKETBALL,COLLEGE MENS,SAN JOSE STATE,UTAH STATE,n/a,450,-650,UTAH STATE,-650
BASKETBALL,COLLEGE MENS,WYOMING,NEW MEXICO,n/a,240,-298,NEW MEXICO,-298
BASKETBALL,COLLEGE MENS,BOISE STATE,UNLV,n/a,-355,280,BOISE STATE,-355
BASKETBALL,COLLEGE MENS,SAINT MARYS,LOYOLA MARYMOUNT,n/a,-1650,950,SAINT MARYS,-1650
BASKETBALL,NBA,DET PISTONS,POR TRAIL BLAZERS,n/a,-250,205,DET PISTONS,-250
BASKETBALL,NBA,PHI 76ERS,PHO SUNS,n/a,-155,130,PHO SUNS,130
BASKETBALL,NBA,NY KNICKS,ORL MAGIC,n/a,-650,470,ORL MAGIC,470
BASKETBALL,NBA,BKN NETS,IND PACERS,n/a,360,-470,IND PACERS,-470
BASKETBALL,NBA,TOR RAPTORS,MIL BUCKS,n/a,230,-285,MIL BUCKS,-285
BASKETBALL,NBA,CHI BULLS,SA SPURS,n/a,124,-148,CHI BULLS,124
BASKETBALL,NBA,MIN TIMBERWOLVES,LA CLIPPERS,n/a,-135,114,MIN TIMBERWOLVES,-135
BASKETBALL,NBA,MEM GRIZZLIES,DAL MAVERICKS,n/a,-198,164,MEM GRIZZLIES,-198
BASKETBALL,NBA,SAC KINGS,MIA HEAT,n/a,-175,145,SAC KINGS,-175
BASKETBALL,COLLEGE MENS,DELAWARE STATE,NORFOLK STATE,n/a,260,-325,NORFOLK STATE,-325
BASKETBALL,COLLEGE MENS,RUTGERS,WISCONSIN,n/a,105,-125,WISCONSIN,-125
BASKETBALL,COLLEGE MENS,WICHITA STATE,SOUTH FLORIDA,n/a,-360,285,SOUTH FLORIDA,285
BASKETBALL,COLLEGE MENS,ALABAMA STATE,ARKANSAS-PINE BLUFF,n/a,-1000,650,ALABAMA STATE,-1000
BASKETBALL,COLLEGE MENS,SE LOUISIANA,UT RIO GRANDE VALLEY,n/a,136,-162,SE LOUISIANA,136
BASKETBALL,COLLEGE MENS,NORTHWESTERN STATE,MCNEESE,n/a,490,-675,MCNEESE,-675
BASKETBALL,COLLEGE MENS,STEPHEN F. AUSTIN,HOUSTON CHRISTIAN,n/a,-485,370,HOUSTON CHRISTIAN,370
BASKETBALL,COLLEGE MENS,NEW ORLEANS,A&M-CORPUS CHRISTI,n/a,440,-600,A&M-CORPUS CHRISTI,-600
BASKETBALL,COLLEGE MENS,EAST TEXAS A&M,NICHOLLS STATE,n/a,200,-245,NICHOLLS STATE,-245
BASKETBALL,COLLEGE MENS,COPPIN STATE,SOUTH CAROLINA STATE,n/a,455,-625,SOUTH CAROLINA STATE,-625
BASKETBALL,COLLEGE MENS,ALABAMA A&M,MISSISSIPPI VALLEY,n/a,-2100,1100,ALABAMA A&M,-2100
BASKETBALL,COLLEGE MENS,LAMAR,INCARNATE WORD,n/a,-166,140,LAMAR,-166
BASKETBALL,COLLEGE MENS,PRAIRIE VIEW,SOUTHERN UNIVERSITY,n/a,170,-205,SOUTHERN UNIVERSITY,-205
BASKETBALL,COLLEGE MENS,MINNESOTA,OHIO STATE,n/a,190,-230,OHIO STATE,-230
BASKETBALL,COLLEGE MENS,HOUSTON,TCU,n/a,-4500,1700,HOUSTON,-4500
BASKETBALL,COLLEGE MENS,TEXAS SOUTHERN,GRAMBLING,n/a,-180,150,TEXAS SOUTHERN,-180
FOOTBALL,NFL,NE PATRIOTS,BUF BILLS,n/a,150,-180,NE PATRIOTS,150
FOOTBALL,NFL,TB BUCCANEERS,NO SAINTS,n/a,-950,625,TB BUCCANEERS,-950
FOOTBALL,NFL,GB PACKERS,CHI BEARS,n/a,-455,350,CHI BEARS,350
FOOTBALL,NFL,PHI EAGLES,NY GIANTS,n/a,-125,105,PHI EAGLES,-125
FOOTBALL,NFL,ATL FALCONS,CAR PANTHERS,n/a,-380,300,CAR PANTHERS,300
FOOTBALL,NFL,DAL COWBOYS,WAS COMMANDERS,n/a,235,-290,WAS COMMANDERS,-290
FOOTBALL,NFL,TEN TITANS,HOU TEXANS,n/a,-125,105,HOU TEXANS,105
FOOTBALL,NFL,IND COLTS,JAX JAGUARS,n/a,-170,142,IND COLTS,-170
FOOTBALL,NFL,DEN BRONCOS,KC CHIEFS,n/a,-520,390,DEN BRONCOS,-520
FOOTBALL,NFL,NY JETS,MIA DOLPHINS,n/a,-108,-112,NY JETS,-108
FOOTBALL,NFL,LV RAIDERS,LA CHARGERS,n/a,164,-198,LA CHARGERS,-198
FOOTBALL,NFL,LA RAMS,SEA SEAHAWKS,n/a,220,-270,SEA SEAHAWKS,-270
FOOTBALL,NFL,ARI CARDINALS,SF 49ERS,n/a,-218,180,ARI CARDINALS,-218
FOOTBALL,NFL,DET LIONS,MIN VIKINGS,n/a,-155,130,DET LIONS,-155
BASKETBALL,NBA,OKC THUNDER,BOS CELTICS,n/a,-108,-112,OKC THUNDER,-108
BASKETBALL,NBA,CLE CAVALIERS,CHA HORNETS,n/a,-1600,900,CLE CAVALIERS,-1600
BASKETBALL,NBA,WAS WIZARDS,NO PELICANS,n/a,164,-198,NO PELICANS,-198
BASKETBALL,NBA,ORL MAGIC,UTA JAZZ,n/a,-345,275,UTA JAZZ,275
BASKETBALL,NBA,HOU ROCKETS,LA LAKERS,n/a,-185,154,HOU ROCKETS,-185
BASKETBALL,NBA,GS WARRIORS,SAC KINGS,n/a,-148,124,SAC KINGS,124
BASKETBALL,COLLEGE MENS,KENTUCKY,FLORIDA,n/a,-155,130,KENTUCKY,-155
BASKETBALL,NBA,BKN NETS,PHI 76ERS,n/a,250,-310,PHI 76ERS,-310
BASKETBALL,NBA,DET PISTONS,MIN TIMBERWOLVES,n/a,220,-270,DET PISTONS,220
BASKETBALL,NBA,IND PACERS,PHO SUNS,n/a,-135,114,IND PACERS,-135
BASKETBALL,NBA,CHI BULLS,NY KNICKS,n/a,200,-245,CHI BULLS,200
BASKETBALL,NBA,MIL BUCKS,POR TRAIL BLAZERS,n/a,-750,525,POR TRAIL BLAZERS,525
BASKETBALL,NBA,SA SPURS,DEN NUGGETS,n/a,130,-155,DEN NUGGETS,-155
BASKETBALL,NBA,MIA HEAT,UTA JAZZ,n/a,-360,285,UTA JAZZ,285
BASKETBALL,NBA,GS WARRIORS,MEM GRIZZLIES,n/a,-142,120,GS WARRIORS,-142
BASKETBALL,NBA,LA CLIPPERS,ATL HAWKS,n/a,-265,215,LA CLIPPERS,-265
FOOTBALL,NFL,BAL RAVENS,CLE BROWNS,n/a,-2400,1200,BAL RAVENS,-2400
FOOTBALL,NFL,PIT STEELERS,CIN BENGALS,n/a,114,-135,CIN BENGALS,-135
BASKETBALL,NBA,DET PISTONS,CHA HORNETS,n/a,-250,205,DET PISTONS,-250
BASKETBALL,NBA,TOR RAPTORS,ORL MAGIC,n/a,100,-120,ORL MAGIC,-120
BASKETBALL,NBA,OKC THUNDER,NY KNICKS,n/a,-192,160,OKC THUNDER,-192
BASKETBALL,NBA,HOU ROCKETS,BOS CELTICS,n/a,114,-135,BOS CELTICS,-135
BASKETBALL,NBA,NO PELICANS,WAS WIZARDS,n/a,-290,235,NO PELICANS,-290
BASKETBALL,NBA,DAL MAVERICKS,CLE CAVALIERS,n/a,225,-278,CLE CAVALIERS,-278
BASKETBALL,NBA,DEN NUGGETS,SA SPURS,n/a,-250,205,SA SPURS,205
BASKETBALL,NBA,SAC KINGS,MEM GRIZZLIES,n/a,-142,120,SAC KINGS,-142
BASKETBALL,NBA,LA LAKERS,ATL HAWKS,n/a,-142,120,LA LAKERS,-142
FOOTBALL,CFB,TEXAS STATE,NORTH TEXAS,n/a,-625,455,TEXAS STATE,-625
FOOTBALL,CFB,VIRGINIA TECH,MINNESOTA,n/a,330,-425,MINNESOTA,-425
BASKETBALL,COLLEGE MENS,BOWLING GREEN,AKRON,n/a,205,-250,AKRON,-250
BASKETBALL,COLLEGE MENS,WISCONSIN,IOWA,n/a,-285,230,WISCONSIN,-285
BASKETBALL,COLLEGE MENS,TEMPLE,WICHITA STATE,n/a,-120,100,TEMPLE,-120
BASKETBALL,COLLEGE MENS,SAINT FRANCIS PA,CENTRAL CONNECTICUT STATE,n/a,200,-245,CENTRAL CONNECTICUT STATE,-245
BASKETBALL,COLLEGE MENS,SAINT PETERS,QUINNIPIAC,n/a,-148,124,QUINNIPIAC,124
BASKETBALL,COLLEGE MENS,MERCYHURST,STONEHILL,n/a,110,-130,MERCYHURST,110
BASKETBALL,COLLEGE MENS,OHIO STATE,MICHIGAN STATE,n/a,-142,120,MICHIGAN STATE,120
BASKETBALL,COLLEGE MENS,GEORGETOWN,XAVIER,n/a,-130,110,GEORGETOWN,-130
BASKETBALL,COLLEGE MENS,MARQUETTE,CREIGHTON,n/a,-535,400,MARQUETTE,-535
BASKETBALL,COLLEGE MENS,SAINT LOUIS,SAINT JOSEPHS,n/a,-135,114,SAINT LOUIS,-135
BASKETBALL,COLLEGE MENS,NEW MEXICO,NEVADA,n/a,-258,210,NEW MEXICO,-258
BASKETBALL,NBA,MIN TIMBERWOLVES,BOS CELTICS,n/a,150,-180,BOS CELTICS,-180
BASKETBALL,NBA,MIA HEAT,IND PACERS,n/a,-125,105,IND PACERS,105
BASKETBALL,NBA,OKC THUNDER,LA CLIPPERS,n/a,-550,410,OKC THUNDER,-550
BASKETBALL,NBA,MIL BUCKS,BKN NETS,n/a,-800,550,BKN NETS,550
BASKETBALL,NBA,GS WARRIORS,PHI 76ERS,n/a,-162,136,GS WARRIORS,-162
BASKETBALL,NBA,LA LAKERS,POR TRAIL BLAZERS,n/a,-410,320,LA LAKERS,-410
BASKETBALL,NBA,WAS WIZARDS,CHI BULLS,n/a,190,-230,WAS WIZARDS,190
BASKETBALL,NBA,DET PISTONS,ORL MAGIC,n/a,-130,110,DET PISTONS,-130
BASKETBALL,NBA,NY KNICKS,UTA JAZZ,n/a,-800,550,NY KNICKS,-800
BASKETBALL,NBA,MIA HEAT,NO PELICANS,n/a,-360,285,MIA HEAT,-360
BASKETBALL,NBA,TOR RAPTORS,BKN NETS,n/a,-125,105,TOR RAPTORS,-125
BASKETBALL,NBA,HOU ROCKETS,DAL MAVERICKS,n/a,-218,180,HOU ROCKETS,-218
BASKETBALL,NBA,DEN NUGGETS,ATL HAWKS,n/a,-285,230,DEN NUGGETS,-285
BASKETBALL,NBA,SAC KINGS,PHI 76ERS,n/a,-258,210,SAC KINGS,-258
BASKETBALL,NBA,IND PACERS,MIL BUCKS,n/a,-115,-115,MIL BUCKS,-115
BASKETBALL,NBA,BOS CELTICS,TOR RAPTORS,n/a,-1150,650,BOS CELTICS,-1150
BASKETBALL,NBA,SA SPURS,LA CLIPPERS,n/a,-170,142,SA SPURS,-270
BASKETBALL,NBA,OKC THUNDER,MIN TIMBERWOLVES,n/a,-270,220,OKC THUNDER,-270
BASKETBALL,NBA,LA LAKERS,CLE CAVALIERS,n/a,170,-205,CLE CAVALIERS,-205
BASKETBALL,NBA,PHO SUNS,MEM GRIZZLIES,n/a,-198,164,MEM GRIZZLIES,164
FOOTBALL,NFL,SF 49ERS,DET LIONS,n/a,164,-198,DET LIONS,-198
BASKETBALL,NBA,WAS WIZARDS,NY KNICKS,n/a,470,-650,NY KNICKS,-650
BASKETBALL,NBA,CHA HORNETS,CHI BULLS,n/a,170,-205,CHI BULLS,-205
BASKETBALL,NBA,NO PELICANS,LA CLIPPERS,n/a,160,-192,LA CLIPPERS,-192
BASKETBALL,NBA,UTA JAZZ,DEN NUGGETS,n/a,235,-290,DEN NUGGETS,-290
BASKETBALL,NBA,GS WARRIORS,CLE CAVALIERS,n/a,154,-185,CLE CAVALIERS,-185
BASKETBALL,NBA,POR TRAIL BLAZERS,PHI 76ERS,n/a,220,-270,PHI 76ERS,-270
BASKETBALL,NBA,SAC KINGS,DAL MAVERICKS,n/a,-180,150,SAC KINGS,-180
FOOTBALL,NFL,BUF BILLS,NY JETS,n/a,-535,400,BUF BILLS,-535
FOOTBALL,NFL,NY GIANTS,IND COLTS,n/a,295,-375,NY GIANTS,295
FOOTBALL,NFL,TB BUCCANEERS,CAR PANTHERS,n/a,-440,340,TB BUCCANEERS,-440
FOOTBALL,NFL,PHI EAGLES,DAL COWBOYS,n/a,-325,260,PHI EAGLES,-325
FOOTBALL,NFL,NO SAINTS,LV RAIDERS,n/a,-102,-118,LV RAIDERS,-118
FOOTBALL,NFL,JAX JAGUARS,TEN TITANS,n/a,-112,-108,JAX JAGUARS,-112
FOOTBALL,NFL,CLE BROWNS,MIA DOLPHINS,n/a,140,-166,MIA DOLPHINS,-166
FOOTBALL,NFL,MIN VIKINGS,GB PACKERS,n/a,-118,-102,MIN VIKINGS,-118
FOOTBALL,NFL,WAS COMMANDERS,ATL FALCONS,n/a,-180,150,WAS COMMANDERS,-180
BASKETBALL,NBA,BOS CELTICS,IND PACERS,n/a,-535,400,IND PACERS,400
BASKETBALL,NBA,TOR RAPTORS,ATL HAWKS,n/a,-112,-108,ATL HAWKS,-108
BASKETBALL,NBA,OKC THUNDER,MEM GRIZZLIES,n/a,-290,235,OKC THUNDER,-290
BASKETBALL,NBA,HOU ROCKETS,MIA HEAT,n/a,-360,285,MIA HEAT,285
BASKETBALL,NBA,MIN TIMBERWOLVES,SA SPURS,n/a,-225,185,MIN TIMBERWOLVES,-225
FOOTBALL,NFL,NE PATRIOTS,LA CHARGERS,n/a,240,-298,LA CHARGERS,-298
FOOTBALL,NFL,CIN BENGALS,DEN BRONCOS,n/a,-180,150,CIN BENGALS,-180
FOOTBALL,NFL,LA RAMS,ARI CARDINALS,n/a,-310,250,LA RAMS,-310
BASKETBALL,NBA,ATL HAWKS,MIA HEAT,n/a,-130,110,ATL HAWKS,-130
BASKETBALL,NBA,CHA HORNETS,OKC THUNDER,n/a,500,-700,OKC THUNDER,-700
BASKETBALL,NBA,WAS WIZARDS,NY KNICKS,n/a,490,-675,NY KNICKS,-675
BASKETBALL,NBA,CHI BULLS,MIL BUCKS,n/a,150,-180,CHI BULLS,150
BASKETBALL,NBA,GS WARRIORS,PHO SUNS,n/a,-250,205,GS WARRIORS,-250
BASKETBALL,NBA,DEN NUGGETS,DET PISTONS,n/a,-218,180,DEN NUGGETS,-218
BASKETBALL,NBA,UTA JAZZ,PHI 76ERS,n/a,185,-225,PHI 76ERS,-225
BASKETBALL,NBA,POR TRAIL BLAZERS,DAL MAVERICKS,n/a,154,-185,POR TRAIL BLAZERS,154
BASKETBALL,NBA,LA LAKERS,SAC KINGS,n/a,-112,-108,LA LAKERS,-112
FOOTBALL,CFB,VANDERBILT,GEORGIA TECH,n/a,114,-135,VANDERBILT,114
FOOTBALL,CFB,ARKANSAS,TEXAS TECH,n/a,124,-148,ARKANSAS,124
FOOTBALL,CFB,USC,TEXAS A&M,n/a,140,-166,USC,140
BASKETBALL,NBA,ORL MAGIC,NY KNICKS,n/a,225,-278,NY KNICKS,-278
BASKETBALL,NBA,BOS CELTICS,IND PACERS,n/a,-700,500,BOS CELTICS,-700
BASKETBALL,NBA,BKN NETS,SA SPURS,n/a,245,-305,SA SPURS,-305
BASKETBALL,NBA,HOU ROCKETS,MIN TIMBERWOLVES,n/a,-120,100,MIN TIMBERWOLVES,100
BASKETBALL,NBA,NO PELICANS,MEM GRIZZLIES,n/a,285,-360,MEM GRIZZLIES,-360
BASKETBALL,NBA,DEN NUGGETS,CLE CAVALIERS,n/a,130,-155,CLE CAVALIERS,-155
BASKETBALL,NBA,PHO SUNS,DAL MAVERICKS,n/a,-118,-102,DAL MAVERICKS,-102
BASKETBALL,NBA,LA CLIPPERS,GS WARRIORS,n/a,-192,160,LA CLIPPERS,-192
FOOTBALL,CFB,BOWLING GREEN,ARKANSAS STATE,n/a,-360,285,ARKANSAS STATE,285
BASKETBALL,NBA,IND PACERS,OKC THUNDER,n/a,185,-225,OKC THUNDER,-225
BASKETBALL,NBA,ORL MAGIC,MIA HEAT,n/a,-118,-102,MIA HEAT,-102
BASKETBALL,NBA,WAS WIZARDS,CHA HORNETS,n/a,170,-205,WAS WIZARDS,170
BASKETBALL,NBA,ATL HAWKS,CHI BULLS,n/a,-238,195,ATL HAWKS,-238
BASKETBALL,NBA,MIL BUCKS,BKN NETS,n/a,-425,330,BKN NETS,330
BASKETBALL,NBA,NO PELICANS,HOU ROCKETS,n/a,240,-298,HOU ROCKETS,-298
BASKETBALL,NBA,MEM GRIZZLIES,TOR RAPTORS,n/a,-625,455,MEM GRIZZLIES,-625
BASKETBALL,NBA,SAC KINGS,DET PISTONS,n/a,-218,180,DET PISTONS,180
BASKETBALL,NBA,POR TRAIL BLAZERS,UTA JAZZ,n/a,-155,130,POR TRAIL BLAZERS,-155
FOOTBALL,NFL,CHI BEARS,SEA SEAHAWKS,n/a,195,-238,SEA SEAHAWKS,-238
BASKETBALL,COLLEGE MENS,MURRAY STATE,LOYOLA CHICAGO,n/a,114,-135,MURRAY STATE,114
BASKETBALL,COLLEGE MENS,CHARLOTTE,CHARLESTON,n/a,225,-278,CHARLESTON,-278
BASKETBALL,COLLEGE MENS,HAWAII,OAKLAND,n/a,-175,145,HAWAII,-175
BASKETBALL,COLLEGE MENS,NEBRASKA,OREGON STATE,n/a,-180,150,NEBRASKA,-180
FOOTBALL,NFL,PIT STEELERS,KC CHIEFS,n/a,130,-155,KC CHIEFS,-155
FOOTBALL,NFL,HOU TEXANS,BAL RAVENS,n/a,205,-250,BAL RAVENS,-250
BASKETBALL,NBA,NY KNICKS,SA SPURS,n/a,-395,310,NY KNICKS,-395
BASKETBALL,NBA,DAL MAVERICKS,MIN TIMBERWOLVES,n/a,-225,185,MIN TIMBERWOLVES,185
BASKETBALL,NBA,BOS CELTICS,PHI 76ERS,n/a,-355,280,PHI 76ERS,280
BASKETBALL,NBA,GS WARRIORS,LA LAKERS,n/a,-180,150,LA LAKERS,150
BASKETBALL,NBA,PHO SUNS,DEN NUGGETS,n/a,124,-148,PHO SUNS,124
FOOTBALL,CFB,SAN JOSE STATE,SOUTH FLORIDA,n/a,-135,114,SOUTH FLORIDA,114
FOOTBALL,CFB,UTSA,COASTAL CAROLINA,n/a,-500,380,UTSA,-500
FOOTBALL,CFB,FRESNO STATE,NORTHERN ILLINOIS,n/a,140,-166,NORTHERN ILLINOIS,-166
FOOTBALL,NFL,GB PACKERS,NO SAINTS,n/a,-950,625,GB PACKERS,-950
BASKETBALL,COLLEGE MENS,LOYOLA CHICAGO,CHARLESTON,n/a,-135,114,CHARLESTON,114
BASKETBALL,COLLEGE MENS,TENNESSEE,MIDDLE TENNESSEE,n/a,-6500,2000,TENNESSEE,-6500
BASKETBALL,COLLEGE MENS,NORTH DAKOTA STATE,CSU BAKERSFIELD,n/a,-650,470,NORTH DAKOTA STATE,-650
BASKETBALL,COLLEGE MENS,OAKLAND,OREGON STATE,n/a,390,-520,OREGON STATE,-520
BASKETBALL,COLLEGE MENS,WASHINGTON,SEATTLE,n/a,-850,575,SEATTLE,575
BASKETBALL,COLLEGE MENS,HAWAII,NEBRASKA,n/a,350,-455,NEBRASKA,-455
BASKETBALL,COLLEGE MENS,CHARLOTTE,MURRAY STATE,n/a,240,-298,CHARLOTTE,240
BASKETBALL,NBA,ORL MAGIC,BOS CELTICS,n/a,370,-485,ORL MAGIC,370
BASKETBALL,NBA,CLE CAVALIERS,UTA JAZZ,n/a,-1050,675,CLE CAVALIERS,-1050
BASKETBALL,NBA,PHI 76ERS,SA SPURS,n/a,-218,180,PHI 76ERS,-218
BASKETBALL,NBA,CHA HORNETS,HOU ROCKETS,n/a,190,-230,HOU ROCKETS,-230
BASKETBALL,NBA,MIA HEAT,BKN NETS,n/a,-440,340,MIA HEAT,-440
BASKETBALL,NBA,ATL HAWKS,MIN TIMBERWOLVES,n/a,142,-170,ATL HAWKS,142
BASKETBALL,NBA,NY KNICKS,TOR RAPTORS,n/a,-1050,675,NY KNICKS,-1050
BASKETBALL,NBA,MEM GRIZZLIES,LA CLIPPERS,n/a,-245,200,LA CLIPPERS,200
BASKETBALL,NBA,CHI BULLS,MIL BUCKS,n/a,102,-122,MIL BUCKS,-122
BASKETBALL,NBA,OKC THUNDER,WAS WIZARDS,n/a,-2100,1100,OKC THUNDER,-2100
BASKETBALL,NBA,DAL MAVERICKS,POR TRAIL BLAZERS,n/a,-520,390,DAL MAVERICKS,-520
BASKETBALL,NBA,GS WARRIORS,IND PACERS,n/a,-225,185,IND PACERS,185
BASKETBALL,NBA,DEN NUGGETS,PHO SUNS,n/a,-198,164,DEN NUGGETS,-198
BASKETBALL,NBA,LA LAKERS,DET PISTONS,n/a,-225,185,DET PISTONS,185
FOOTBALL,NFL,CHI BEARS,DET LIONS,n/a,260,-325,DET LIONS,-325
FOOTBALL,NFL,CIN BENGALS,CLE BROWNS,n/a,-500,380,CIN BENGALS,-500
FOOTBALL,NFL,WAS COMMANDERS,PHI EAGLES,n/a,170,-205,WAS COMMANDERS,170
FOOTBALL,NFL,NY JETS,LA RAMS,n/a,140,-166,LA RAMS,-166
FOOTBALL,NFL,ATL FALCONS,NY GIANTS,n/a,-440,340,ATL FALCONS,-440
FOOTBALL,NFL,CAR PANTHERS,ARI CARDINALS,n/a,195,-238,CAR PANTHERS,195
FOOTBALL,NFL,IND COLTS,TEN TITANS,n/a,-198,164,IND COLTS,-198
FOOTBALL,NFL,SEA SEAHAWKS,MIN VIKINGS,n/a,136,-162,MIN VIKINGS,-162
FOOTBALL,NFL,BUF BILLS,NE PATRIOTS,n/a,-1000,650,BUF BILLS,-1000
FOOTBALL,NFL,MIA DOLPHINS,SF 49ERS,n/a,102,-122,MIA DOLPHINS,102
FOOTBALL,NFL,LV RAIDERS,JAX JAGUARS,n/a,-130,110,LV RAIDERS,-130
FOOTBALL,NFL,DAL COWBOYS,TB BUCCANEERS,n/a,185,-225,DAL COWBOYS,185
BASKETBALL,NBA,TOR RAPTORS,HOU ROCKETS,n/a,280,-355,HOU ROCKETS,-355
BASKETBALL,NBA,SAC KINGS,IND PACERS,n/a,-135,114,IND PACERS,114
BASKETBALL,NBA,NO PELICANS,DEN NUGGETS,n/a,320,-410,DEN NUGGETS,-410
BASKETBALL,COLLEGE MENS,ALABAMA,KENT STATE,n/a,-3600,1500,ALABAMA,-3600
BASKETBALL,COLLEGE MENS,MICHIGAN,PURDUE FORT WAYNE,n/a,-5000,1800,MICHIGAN,-5000
BASKETBALL,COLLEGE MENS,MISSOURI,ILLINOIS,n/a,136,-162,ILLINOIS,-162
BASKETBALL,COLLEGE MENS,MIAMI OH,SACRED HEART,n/a,-355,280,MIAMI OH,-355
BASKETBALL,COLLEGE MENS,STONEHILL,NEW HAMPSHIRE,n/a,-355,280,STONEHILL,-355
BASKETBALL,COLLEGE MENS,TOWSON,BRYANT,n/a,-125,105,TOWSON,-125
BASKETBALL,COLLEGE MENS,IOWA STATE,MORGAN STATE,n/a,"","",IOWA STATE,""
BASKETBALL,COLLEGE MENS,OKLAHOMA,CENTRAL ARKANSAS,n/a,"","",OKLAHOMA,""
BASKETBALL,COLLEGE MENS,TCU,MONTANA STATE,n/a,-700,500,TCU,-700
BASKETBALL,COLLEGE MENS,VCU,WILLIAM & MARY,n/a,-2800,1300,VCU,-2800
BASKETBALL,COLLEGE MENS,GEORGE MASON,PENNSYLVANIA,n/a,-3200,1400,GEORGE MASON,-3200
BASKETBALL,COLLEGE MENS,SOUTH CAROLINA,RADFORD,n/a,-1000,650,SOUTH CAROLINA,-1000
BASKETBALL,COLLEGE MENS,WISCONSIN,DETROIT MERCY,n/a,"","",WISCONSIN,""
BASKETBALL,COLLEGE MENS,MISSOURI STATE,UC SANTA BARBARA,n/a,-142,120,MISSOURI STATE,-142
BASKETBALL,COLLEGE MENS,VIRGINIA,AMERICAN,n/a,"","",VIRGINIA,""
BASKETBALL,COLLEGE MENS,WEST VIRGINIA,MERCYHURST,n/a,"","",WEST VIRGINIA,""
BASKETBALL,COLLEGE MENS,KANSAS,BROWN,n/a,-10000,3000,KANSAS,-10000
BASKETBALL,COLLEGE MENS,OKLAHOMA STATE,ORAL ROBERTS,n/a,-4000,1600,OKLAHOMA STATE,-4000
BASKETBALL,COLLEGE MENS,CHARLESTON,OREGON STATE,n/a,210,-258,OREGON STATE,-258
BASKETBALL,COLLEGE MENS,UAB,ALCORN,n/a,-2400,1200,UAB,-2400
BASKETBALL,COLLEGE MENS,RICE,PRAIRIE VIEW,n/a,-1650,950,RICE,-1650
BASKETBALL,COLLEGE MENS,NORTH TEXAS,HOUSTON CHRISTIAN,n/a,-9000,2500,NORTH TEXAS,-9000
BASKETBALL,COLLEGE MENS,LOUISIANA,MCNEESE,n/a,455,-625,MCNEESE,-625
BASKETBALL,COLLEGE MENS,LSU,NEW ORLEANS,n/a,"","",LSU,""
BASKETBALL,COLLEGE MENS,GEORGIA,CHARLESTON SOUTHERN,n/a,"","",GEORGIA,""
BASKETBALL,COLLEGE MENS,GRAND CANYON,SAINT LOUIS,n/a,-470,360,GRAND CANYON,-470
BASKETBALL,COLLEGE MENS,NC STATE,RIDER,n/a,-4500,1700,NC STATE,-4500
BASKETBALL,COLLEGE MENS,USC,SOUTHERN UNIVERSITY,n/a,-4000,1600,USC,-4000
BASKETBALL,COLLEGE MENS,CINCINNATI,GRAMBLING,n/a,"","",CINCINNATI,""
BASKETBALL,COLLEGE MENS,OAKLAND,LOYOLA CHICAGO,n/a,230,-285,OAKLAND,230
BASKETBALL,COLLEGE MENS,CAL STATE FULLERTON,WYOMING,n/a,180,-218,WYOMING,-218
BASKETBALL,COLLEGE MENS,SETON HALL,GEORGETOWN,n/a,114,-135,GEORGETOWN,-135
BASKETBALL,COLLEGE MENS,LOYOLA MARYMOUNT,NORTH ALABAMA,n/a,-205,170,LOYOLA MARYMOUNT,-205
BASKETBALL,COLLEGE MENS,SAINT MARYS,UTAH STATE,n/a,-218,180,UTAH STATE,180
BASKETBALL,COLLEGE MENS,MURRAY STATE,NEBRASKA,n/a,340,-440,NEBRASKA,-440
BASKETBALL,COLLEGE MENS,HAWAII,CHARLOTTE,n/a,-245,200,HAWAII,-245
FOOTBALL,NFL,KC CHIEFS,HOU TEXANS,n/a,-180,150,KC CHIEFS,-180
FOOTBALL,NFL,BAL RAVENS,PIT STEELERS,n/a,-305,245,BAL RAVENS,-305
BASKETBALL,NBA,SAC KINGS,LA LAKERS,n/a,-225,185,LA LAKERS,185
BASKETBALL,NBA,ORL MAGIC,MIA HEAT,n/a,-162,136,ORL MAGIC,-162
BASKETBALL,NBA,ATL HAWKS,MEM GRIZZLIES,n/a,105,-125,MEM GRIZZLIES,-125
BASKETBALL,NBA,BKN NETS,UTA JAZZ,n/a,-142,120,UTA JAZZ,120
BASKETBALL,NBA,NO PELICANS,NY KNICKS,n/a,260,-325,NY KNICKS,-325
BASKETBALL,NBA,CHI BULLS,BOS CELTICS,n/a,455,-625,BOS CELTICS,-625
BASKETBALL,NBA,MIL BUCKS,WAS WIZARDS,n/a,-700,500,MIL BUCKS,-700
BASKETBALL,NBA,MIN TIMBERWOLVES,GS WARRIORS,n/a,-162,136,GS WARRIORS,136
BASKETBALL,NBA,CLE CAVALIERS,PHI 76ERS,n/a,-550,410,CLE CAVALIERS,-550
BASKETBALL,NBA,DAL MAVERICKS,LA CLIPPERS,n/a,-162,136,DAL MAVERICKS,-162
BASKETBALL,NBA,SA SPURS,POR TRAIL BLAZERS,n/a,-265,215,SA SPURS,-265
BASKETBALL,NBA,PHO SUNS,DET PISTONS,n/a,-230,190,DET PISTONS,190
FOOTBALL,CFB,PENN STATE,SMU,n/a,-305,245,PENN STATE,-305
FOOTBALL,CFB,TEXAS,CLEMSON,n/a,-550,410,TEXAS,-550
FOOTBALL,CFB,OHIO STATE,TENNESSEE,n/a,-278,225,OHIO STATE,-278
BASKETBALL,COLLEGE MENS,BUTLER,UCONN,n/a,380,-500,UCONN,-500
BASKETBALL,COLLEGE MENS,XAVIER,MARQUETTE,n/a,185,-225,MARQUETTE,-225
BASKETBALL,COLLEGE MENS,GEORGIA TECH,DUKE,n/a,950,-1650,DUKE,-1650
BASKETBALL,COLLEGE MENS,RUTGERS,PRINCETON,n/a,-245,200,PRINCETON,200
BASKETBALL,COLLEGE MENS,BOSTON COLLEGE,SMU,n/a,320,-410,SMU,-410
BASKETBALL,COLLEGE MENS,INDIANA,CHATTANOOGA,n/a,-1800,1000,INDIANA,-1800
BASKETBALL,COLLEGE MENS,DREXEL,PENN STATE,n/a,850,-1450,PENN STATE,-1450
BASKETBALL,COLLEGE MENS,VIRGINIA TECH,SAINT JOSEPHS,n/a,154,-185,SAINT JOSEPHS,-185
BASKETBALL,COLLEGE MENS,DARTMOUTH,VERMONT,n/a,200,-245,DARTMOUTH,200
BASKETBALL,COLLEGE MENS,NORTHERN KENTUCKY,SOUTH CAROLINA STATE,n/a,-325,260,NORTHERN KENTUCKY,-325
BASKETBALL,COLLEGE MENS,FLORIDA,NORTH FLORIDA,n/a,"","",FLORIDA,""
BASKETBALL,COLLEGE MENS,MEMPHIS,MISSISSIPPI STATE,n/a,-110,-110,MISSISSIPPI STATE,-110
BASKETBALL,COLLEGE MENS,PITTSBURGH,SAM HOUSTON,n/a,-3600,1500,PITTSBURGH,-3600
BASKETBALL,COLLEGE MENS,USC UPSTATE,YOUNGSTOWN STATE,n/a,295,-375,YOUNGSTOWN STATE,-375
BASKETBALL,COLLEGE MENS,MONMOUTH,FAIRFIELD,n/a,-175,145,MONMOUTH,-175
BASKETBALL,COLLEGE MENS,COPPIN STATE,NAVY,n/a,310,-395,COPPIN STATE,310
BASKETBALL,COLLEGE MENS,ROBERT MORRIS,SAINT FRANCIS PA,n/a,-325,260,ROBERT MORRIS,-325
BASKETBALL,COLLEGE MENS,LOYOLA MARYLAND,HAMPTON,n/a,-142,120,HAMPTON,120
BASKETBALL,COLLEGE MENS,CENTAL CONNECTICUT STATE,QUINNIPIAC,n/a,-130,110,CENTRAL CONNECTICUT STATE,-130
BASKETBALL,COLLEGE MENS,TEXAS TECH,LAMAR,n/a,"","",TEXAS TECH,""
BASKETBALL,COLLEGE MENS,CLEMSON,WAKE FOREST,n/a,-455,350,CLEMSON,-455
BASKETBALL,COLLEGE MENS,MICHIGAN STATE,FLORIDA ATLANTIC,n/a,-1600,900,MICHIGAN STATE,-1600
BASKETBALL,COLLEGE MENS,LIBERTY,UT ARLINGTON,n/a,-470,360,LIBERTY,-470
BASKETBALL,COLLEGE MENS,TROY,GEORGIA STATE,n/a,-900,600,TROY,-900
BASKETBALL,COLLEGE MENS,FLORIDA STATE,LOUISVILLE,n/a,-105,-115,LOUISVILLE,-115
BASKETBALL,COLLEGE MENS,MIAMI FL,MOUNT SAINT MARYS,n/a,-2100,1100,MOUNT SAINT MARYS,1100
BASKETBALL,COLLEGE MENS,WINTHROP,MERCER,n/a,-380,300,WINTHROP,-380
BASKETBALL,COLLEGE MENS,MINNESOTA,FAIRLEIGH DICKINSON,n/a,-2400,1200,MINNESOTA,-2400
BASKETBALL,COLLEGE MENS,BOWLING GREEN,SAINT THOMAS MN,n/a,150,-180,SAINT THOMAS MN,-180
BASKETBALL,COLLEGE MENS,UMASS LOWELL,BOSTON UNIVERSITY,n/a,-345,275,UMASS LOWELL,-345
BASKETBALL,COLLEGE MENS,BALL STATE,EVANSVILLE,n/a,-162,136,BALL STATE,-162
BASKETBALL,COLLEGE MENS,EASTERN MICHIGAN,WRIGHT STATE,n/a,180,-218,EASTERN MICHIGAN,180
BASKETBALL,COLLEGE MENS,CSUN,CHICAGO STATE,n/a,-2400,1200,CSUN,-2400
BASKETBALL,COLLEGE MENS,SOUTH ALABAMA,JAMES MADISON,n/a,-110,-110,SOUTH ALABAMA,-110
BASKETBALL,COLLEGE MENS,UNC WILMINGTON,UNC ASHEVILLE,n/a,-270,220,UNC WILMINGTON,-270
BASKETBALL,COLLEGE MENS,UMKC,ETSU,n/a,120,-142,UMKC,120
BASKETBALL,COLLEGE MENS,SOUTHERN ILLINOIS,HIGH POINT,n/a,130,-155,HIGH POINT,-155
BASKETBALL,COLLEGE MENS,HOUSTON,A&M-CORPUS CHRISTI,n/a,"","",HOUSTON,""
BASKETBALL,COLLEGE MENS,EASTERN KENTUCKY,JACKSONVILLE STATE,n/a,-112,-108,JACKSONVILLE STATE,-108
BASKETBALL,COLLEGE MENS,DUQUESNE,UC IRVINE,n/a,230,-285,DUQUESNE,230
BASKETBALL,COLLEGE MENS,ARKANSAS,NORTH CAROLINA A&T,n/a,"","",ARKANSAS,""
BASKETBALL,COLLEGE MENS,NORTH CAROLINA,UCLA,n/a,110,-130,NORTH CAROLINA,110
BASKETBALL,COLLEGE MENS,UNLV,UC RIVERSIDE,n/a,-500,380,UNLV,-500
BASKETBALL,COLLEGE MENS,HARVARD,FURMAN,n/a,114,-135,FURMAN,-135
BASKETBALL,COLLEGE MENS,ARKANSAS STATE,COASTAL CAROLINA,n/a,-1650,950,ARKANSAS STATE,-1650
BASKETBALL,COLLEGE MENS,SOUTH FLORIDA,EAST TEXAS A&M,n/a,-1100,700,SOUTH FLORIDA,-1100
BASKETBALL,COLLEGE MENS,EAST CAROLINA,GARDNER-WEBB,n/a,-440,340,GARDNER-WEBB,340
BASKETBALL,COLLEGE MENS,SOUTHERN MISS,MARSHALL,n/a,145,-175,SOUTHERN MISS,145
BASKETBALL,COLLEGE MENS,PEPPERDINE,UC DAVIS,n/a,105,-125,PEPPERDINE,105
BASKETBALL,COLLEGE MENS,VANDERBILT,AUSTIN PEAY,n/a,"","",VANDERBILT,""
BASKETBALL,COLLEGE MENS,ULM,OLD DOMINION,n/a,-105,-115,OLD DOMINION,-115
BASKETBALL,COLLEGE MENS,COLORADO,BELLARMINE,n/a,"","",COLORADO,""
BASKETBALL,COLLEGE MENS,TULSA,MISSISSIPPI VALLEY,n/a,"","",TULSA,""
BASKETBALL,COLLEGE MENS,BOISE STATE,AIR FORCE,n/a,-6500,2000,BOISE STATE,-6500
BASKETBALL,COLLEGE MENS,TEXAS STATE,GEORGIA SOUTHERN,n/a,-325,260,TEXAS STATE,-325
BASKETBALL,COLLEGE MENS,MOREHEAD STATE,TENNESSEE STATE,n/a,-175,145,MOREHEAD STATE,-175
BASKETBALL,COLLEGE MENS,CREIGHTON,VILLANOVA,n/a,-205,170,CREIGHTON,-205
BASKETBALL,COLLEGE MENS,UMASS,ARIZONA STATE,n/a,370,-485,ARIZONA STATE,-485
BASKETBALL,COLLEGE MENS,NORTHWESTERN,DEPAUL,n/a,-290,235,NORTHWESTERN,-290
BASKETBALL,COLLEGE MENS,ALABAMA A&M,SAMFORD,n/a,750,-1200,SAMFORD,-1200
BASKETBALL,COLLEGE MENS,WASHINGTON STATE,NORTHERN IOWA,n/a,-166,140,WASHINGTON STATE,-166
BASKETBALL,COLLEGE MENS,SOUTHERN UTAH,NORTHERN ARIZONA,n/a,-225,185,NORTHERN ARIZONA,185
BASKETBALL,COLLEGE MENS,ARIZONA,CENTRAL MICHIGAN,n/a,"","",ARIZONA,""
BASKETBALL,COLLEGE MENS,ABILENE CHRISTIAN,TEXAS SOUTHERN,n/a,-440,340,ABILENE CHRISTIAN,-440
BASKETBALL,COLLEGE MENS,PACIFIC,IDAHO,n/a,-198,164,IDAHO,164
BASKETBALL,COLLEGE MENS,PORTLAND,LAFAYETTE,n/a,-180,150,PORTLAND,-180
BASKETBALL,COLLEGE MENS,AUBURN,PURDUE,n/a,-485,370,AUBURN,-485
BASKETBALL,COLLEGE MENS,SOUTHERN INDIANA,UT MARTIN,n/a,-218,180,UT MARTIN,-218
BASKETBALL,COLLEGE MENS,LINDENWOOD,WESTERN ILLINOIS,n/a,-162,136,LINDENWOOD,-162
BASKETBALL,COLLEGE MENS,SE MISSOURI STATE,SIU EDWARDSVILLE,n/a,100,-120,SE MISSOURI STATE,100
BASKETBALL,COLLEGE MENS,SANTA CLARA,SOUTH DAKOTA,n/a,-3600,1500,SANTA CLARA,-3600
BASKETBALL,COLLEGE MENS,NEVADA,COLORADO STATE,n/a,-410,320,COLORADO STATE,320
BASKETBALL,COLLEGE MENS,DAVIDSON,BETHUNE-COOKMAN,n/a,-1650,950,DAVIDSON,-1650
BASKETBALL,COLLEGE MENS,DENVER,NORTHERN COLORADO,n/a,215,-265,NORTHERN COLORADO,-265
BASKETBALL,COLLEGE MENS,OLE MISS,QUEENS NC,n/a,"","",OLE MISS,""
BASKETBALL,COLLEGE MENS,FRESNO STATE,CALIFORNIA BAPTIST,n/a,130,-155,CALIFORNIA BAPTIST,-155
BASKETBALL,COLLEGE MENS,KENTUCKY,OHIO STATE,n/a,-360,285,OHIO STATE,285
BASKETBALL,COLLEGE MENS,SAN FRANCISCO,MONTANA,n/a,-1800,1000,SAN FRANCISCO,-1800
BASKETBALL,COLLEGE MENS,RICHMOND,VMI,n/a,-900,600,RICHMOND,-900
BASKETBALL,COLLEGE MENS,IOWA,UTAH,n/a,-112,-108,IOWA,-112
BASKETBALL,COLLEGE MENS,FIU,IU INDIANAPOLIS,n/a,-455,350,FIU,-455
BASKETBALL,COLLEGE MENS,UCF,JACKSONVILLE,n/a,-1450,850,UCF,-1450
BASKETBALL,COLLEGE MENS,DRAKE,GREEN BAY,n/a,"","",DRAKE,""
BASKETBALL,COLLEGE MENS,RHODE ISLAND,TEMPLE,n/a,-148,124,RHODE ISLAND,-148
BASKETBALL,COLLEGE MENS,WICHITA STATE,KANSAS STATE,n/a,130,-155,WICHITA STATE,130
BASKETBALL,COLLEGE MENS,ELON,UNC GREENSBORO,n/a,-115,-105,ELON,-115
BASKETBALL,COLLEGE MENS,STANFORD,OREGON,n/a,185,-225,OREGON,-225
BASKETBALL,COLLEGE MENS,OMAHA,CAL POLY,n/a,150,-180,OMAHA,150
BASKETBALL,COLLEGE MENS,SAN DIEGO,UC SAN DIEGO,n/a,900,-1600,UC SAN DIEGO,-1600
BASKETBALL,COLLEGE MENS,GONZAGA,BUCKNELL,n/a,"","",GONZAGA,""
BASKETBALL,COLLEGE MENS,WEBER STATE,UTAH VALLEY,n/a,-110,-110,UTAH VALLEY,-110
BASKETBALL,COLLEGE MENS,CSU BAKERSFIELD,PORTLAND STATE,n/a,-175,145,PORTLAND STATE,145
BASKETBALL,COLLEGE MENS,SAN DIEGO STATE,CALIFORNIA,n/a,-218,180,SAN DIEGO STATE,-218
BASKETBALL,COLLEGE MENS,SAN JOSE STATE,KENNESAW STATE,n/a,-175,145,SAN JOSE STATE,-175
BASKETBALL,NBA,PHI 76ERS,CHA HORNETS,n/a,-700,500,PHI 76ERS,-700
BASKETBALL,NBA,CLE CAVALIERS,MIL BUCKS,n/a,-410,320,CLE CAVALIERS,-410
BASKETBALL,NBA,MIA HEAT,OKC THUNDER,n/a,100,-120,OKC THUNDER,-120
FOOTBALL,CFB,JACKSONVILLE STATE,OHIO,n/a,185,-225,OHIO,-225
FOOTBALL,CFB,FLORIDA,TULANE,n/a,-425,330,FLORIDA,-425
FOOTBALL,CFB,NOTRE DAME,INDIANA,n/a,-245,200,NOTRE DAME,-245
BASKETBALL,COLLEGE MENS,WESTERN MICHIGAN,VALPARAISO,n/a,-135,114,VALPARAISO,114
BASKETBALL,COLLEGE MENS,TEXAS A&M,HOUSTON CHRISTIAN,n/a,-20000,3500,TEXAS A&M,-20000
BASKETBALL,COLLEGE MENS,GRAMBLING,NORFOLK STATE,n/a,210,-258,NORFOLK STATE,-258
BASKETBALL,COLLEGE MENS,SEATTLE,ILLINOIS CHICAGO,n/a,-265,215,ILLINOIS CHICAGO,215
BASKETBALL,COLLEGE MENS,PENNSYLVANIA,RIDER,n/a,-205,170,PENNSYLVANIA,-205
BASKETBALL,COLLEGE MENS,ALABAMA STATE,DELAWARE STATE,n/a,-230,190,DELAWARE STATE,190
BASKETBALL,COLLEGE MENS,AKRON,YALE,n/a,170,-205,YALE,-205
BASKETBALL,COLLEGE MENS,SAINT PETERS,DELAWARE,n/a,-148,124,SAINT PETERS,-148
BASKETBALL,COLLEGE MENS,NC CENTRAL,LONGWOOD,n/a,130,-155,LONGWOOD,-155
BASKETBALL,COLLEGE MENS,NORTH TEXAS,APPALACHIAN STATE,n/a,-800,550,NORTH TEXAS,-800
BASKETBALL,COLLEGE MENS,CINCINNATI,DAYTON,n/a,-155,130,CINCINNATI,-155
BASKETBALL,COLLEGE MENS,UTEP,JACKSON STATE,n/a,-1600,900,UTEP,-1600
BASKETBALL,COLLEGE MENS,BYU,FLORIDA A&M,n/a,-20000,3500,BYU,-20000
BASKETBALL,COLLEGE MENS,LOYOLA MARYMOUNT,SOUTHERN UNIVERSITY,n/a,-380,300,LOYOLA MARYMOUNT,-380
FOOTBALL,NFL,LA CHARGERS,DEN BRONCOS,n/a,-142,120,LA CHARGERS,-142
BASKETBALL,NBA,ORL MAGIC,OKC THUNDER,n/a,220,-270,OKC THUNDER,-270
BASKETBALL,NBA,DET PISTONS,UTA JAZZ,n/a,-185,154,UTA JAZZ,154
BASKETBALL,NBA,WAS WIZARDS,CHA HORNETS,n/a,150,-180,WAS WIZARDS,150
BASKETBALL,NBA,BOS CELTICS,CHI BULLS,n/a,-1050,675,CHI BULLS,675
BASKETBALL,NBA,TOR RAPTORS,BKN NETS,n/a,-130,110,BKN NETS,110
BASKETBALL,NBA,HOU ROCKETS,NO PELICANS,n/a,-410,320,HOU ROCKETS,-410
BASKETBALL,NBA,MEM GRIZZLIES,GS WARRIORS,n/a,-130,110,MEM GRIZZLIES,-130
BASKETBALL,NBA,SA SPURS,ATL HAWKS,n/a,-118,-102,SA SPURS,-118
BASKETBALL,NBA,DAL MAVERICKS,LA CLIPPERS,n/a,-185,154,LA CLIPPERS,154
BASKETBALL,NBA,PHO SUNS,IND PACERS,n/a,-245,200,IND PACERS,200
BASKETBALL,NBA,MIN TIMBERWOLVES,NY KNICKS,n/a,-142,120,NY KNICKS,120
BASKETBALL,NBA,POR TRAIL BLAZERS,DEN NUGGETS,n/a,285,-360,POR TRAIL BLAZERS,285
BASKETBALL,NBA,SAC KINGS,LA LAKERS,n/a,-205,170,LA LAKERS,170
FOOTBALL,CFB,SAM HOUSTON,GEORGIA SOUTHERN,n/a,150,-180,SAM HOUSTON,150
BASKETBALL,COLLEGE MENS,NORFOLK STATE,ALABAMA STATE,n/a,-218,180,NORFOLK STATE,-218
BASKETBALL,COLLEGE MENS,NORTH ALABAMA,CHARLESTON SOUTHERN,n/a,-440,340,NORTH ALABAMA,-440
BASKETBALL,COLLEGE MENS,CLEVELAND STATE,OAKLAND,n/a,110,-130,CLEVELAND STATE,110
BASKETBALL,COLLEGE MENS,DELAWARE STATE,GRAMBLING,n/a,164,-198,DELAWARE STATE,164
BASKETBALL,COLLEGE MENS,MOREHEAD STATE,UT MARTIN,n/a,-245,200,MOREHEAD STATE,-245
BASKETBALL,COLLEGE MENS,BELMONT,UC IRVINE,n/a,110,-130,UC IRVINE,-130
BASKETBALL,COLLEGE MENS,MIDDLE TENNESSEE,LIPSCOMB,n/a,-125,105,MIDDLE TENNESSEE,-125
BASKETBALL,COLLEGE MENS,TEXAS,NEW ORLEANS,n/a,-20000,3500,TEXAS,-20000
BASKETBALL,COLLEGE MENS,LITTLE ROCK,SIU EDWARDSVILLE,n/a,-162,136,LITTLE ROCK,-162
BASKETBALL,COLLEGE MENS,WYOMING,BELLARMINE,n/a,-1450,850,WYOMING,-1450
BASKETBALL,COLLEGE MENS,SOUTHERN INDIANA,TENNESSEE STATE,n/a,-198,164,SOUTHERN INDIANA,-198
BASKETBALL,COLLEGE MENS,SE MISSOURI STATE,EASTERN ILLINOIS,n/a,-218,180,SE MISSOURI STATE,-218
BASKETBALL,COLLEGE MENS,LINDENWOOD,TENNESSEE TECH,n/a,-142,120,TENNESSEE TECH,120
BASKETBALL,COLLEGE MENS,UTAH TECH,SOUTH DAKOTA,n/a,124,-148,UTAH TECH,124
BASKETBALL,COLLEGE MENS,PEPPERDINE,LONG BEACH STATE,n/a,-270,220,LONG BEACH STATE,-270
BASKETBALL,COLLEGE MENS,GRAND CANYON,CHICAGO STATE,n/a,"","",GRAND CANYON,""
BASKETBALL,COLLEGE MENS,SAINT MARYS,MERRIMACK,n/a,-5000,1800,SAINT MARYS,-5000
BASKETBALL,COLLEGE MENS,EAST TEXAS A&M,ABILENE CHRISTIAN,n/a,370,-485,EAST TEXAS A&M,370
BASKETBALL,COLLEGE MENS,UMASS LOWELL,STONEHILL,n/a,-1100,700,UMASS LOWELL,-1100
BASKETBALL,COLLEGE MENS,USC UPSTATE,SOUTH CAROLINA STATE,n/a,102,-122,SOUTH CAROLINA STATE,-122
BASKETBALL,COLLEGE MENS,GEORGETOWN,CREIGHTON,n/a,154,-185,GEORGETOWN,154
BASKETBALL,COLLEGE MENS,LA SALLE,FAIRLEIGH DICKINSON,n/a,-1600,900,LA SALLE,-1600
BASKETBALL,COLLEGE MENS,VIRGINIA,MEMPHIS,n/a,145,-175,MEMPHIS,-175
BASKETBALL,COLLEGE MENS,UCONN,XAVIER,n/a,-1350,800,UCONN,-1350
BASKETBALL,COLLEGE MENS,TEMPLE,DAVIDSON,n/a,-130,110,TEMPLE,-130
BASKETBALL,COLLEGE MENS,SAINT JOSEPHS,AMERICAN,n/a,-850,575,SAINT JOSEPHS,-850
BASKETBALL,COLLEGE MENS,OHIO,AUSTIN PEAY,n/a,-900,600,OHIO,-900
BASKETBALL,COLLEGE MENS,NORTHERN KENTUCKY,DETROIT MERCY,n/a,-1000,650,NORTHERN KENTUCKY,-1000
BASKETBALL,COLLEGE MENS,SOUTH FLORIDA,BETHUNE-COOKMAN,n/a,-750,525,BETHUNE-COOKMAN,525
BASKETBALL,COLLEGE MENS,UMASS,NORTHEASTERN,n/a,-166,140,UMASS,-166
BASKETBALL,COLLEGE MENS,WRIGHT STATE,YOUNGSTOWN STATE,n/a,-290,235,YOUNGSTOWN STATE,235
BASKETBALL,COLLEGE MENS,GEORGE WASHINGTON,LAFAYETTE,n/a,-900,600,GEORGE WASHINGTON,-900
BASKETBALL,COLLEGE MENS,INDIANA STATE,MURRAY STATE,n/a,140,-166,INDIANA STATE,140
BASKETBALL,COLLEGE MENS,UNC WILMINGTON,FLORIDA GULF COAST,n/a,-285,230,UNC WILMINGTON,-285
BASKETBALL,COLLEGE MENS,ETSU,ELON,n/a,-155,130,ETSU,-155
BASKETBALL,COLLEGE MENS,VERMONT,MIAMI OH,n/a,-205,170,VERMONT,-205
BASKETBALL,COLLEGE MENS,WILLIAM & MARY,RICHMOND,n/a,-135,114,WILLIAM & MARY,-135
BASKETBALL,COLLEGE MENS,FAIRFIELD,CENTRAL CONNECTICUT STATE,n/a,100,-120,CENTRAL CONNECTICUT STATE,-120
BASKETBALL,COLLEGE MENS,QUEENS NC,MERCER,n/a,-112,-108,QUEENS NC,-112
BASKETBALL,COLLEGE MENS,CAMPBELL,LONGWOOD,n/a,130,-155,LONGWOOD,-155
BASKETBALL,COLLEGE MENS,GEORGIA TECH,UMBC,n/a,-1650,950,GEORGIA TECH,-1650
BASKETBALL,COLLEGE MENS,UAB,ALABAMA A&M,n/a,-4000,1600,UAB,-4000
BASKETBALL,COLLEGE MENS,UT RIO GRANDE VALLEY,SOUTHERN UTAH,n/a,-122,102,UT RIO GRANDE VALLEY,-122
BASKETBALL,COLLEGE MENS,HOUSTON,TOLEDO,n/a,-6500,2000,HOUSTON,-6500
BASKETBALL,COLLEGE MENS,SAINT LOUIS,WOFFORD,n/a,-345,275,WOFFORD,275
BASKETBALL,COLLEGE MENS,ILLINOIS STATE,NORTHERN ILLINOIS,n/a,-1350,800,ILLINOIS STATE,-1350
BASKETBALL,COLLEGE MENS,OKLAHOMA STATE,TARLETON STATE,n/a,-4500,1700,OKLAHOMA STATE,-4500
BASKETBALL,COLLEGE MENS,BRADLEY,SAN FRANCISCO,n/a,-130,110,BRADLEY,-130
BASKETBALL,COLLEGE MENS,UT ARLINGTON,EVANSVILLE,n/a,-375,295,UT ARLINGTON,-375
BASKETBALL,COLLEGE MENS,LOUISIANA,APPALACHIAN STATE,n/a,105,-125,LOUISIANA,105
BASKETBALL,COLLEGE MENS,VANDERBILT,THE CITADEL,n/a,-6500,2000,VANDERBILT,-6500
BASKETBALL,COLLEGE MENS,MARQUETTE,BUTLER,n/a,-1200,750,MARQUETTE,-1200
BASKETBALL,COLLEGE MENS,OKLAHOMA,MICHIGAN,n/a,160,-192,OKLAHOMA,160
BASKETBALL,COLLEGE MENS,NORTH DAKOTA,ALABAMA,n/a,2000,-6500,ALABAMA,-6500
BASKETBALL,COLLEGE MENS,ARIZONA,SAMFORD,n/a,-1650,950,ARIZONA,-1650
BASKETBALL,COLLEGE MENS,NEW MEXICO,VCU,n/a,-162,136,NEW MEXICO,-162
BASKETBALL,COLLEGE MENS,UC DAVIS,IDAHO,n/a,-285,230,UC DAVIS,-285
BASKETBALL,COLLEGE MENS,IDAHO STATE,UTAH VALLEY,n/a,-110,-110,UTAH VALLEY,-110
BASKETBALL,COLLEGE MENS,USC,CSUN,n/a,-900,600,USC,-900
BASKETBALL,COLLEGE MENS,SANTA CLARA,KENNESAW STATE,n/a,-1800,1000,SANTA CLARA,-1800
BASKETBALL,COLLEGE MENS,PACIFIC,PORTLAND STATE,n/a,-185,154,PORTLAND STATE,154
BASKETBALL,COLLEGE MENS,LOYOLA MARYMOUNT,UC SANTA BARBARA,n/a,-155,130,LOYOLA MARYMOUNT,-155
BASKETBALL,COLLEGE MENS,UC RIVERSIDE,MONTANA STATE,n/a,-155,130,UC RIVERSIDE,-155
BASKETBALL,COLLEGE MENS,PORTLAND,CSU BAKERSFIELD,n/a,-105,-115,CSU BAKERSFIELD,-115
BASKETBALL,COLLEGE MENS,WASHINGTON,WASHINGTON STATE,n/a,-155,130,WASHINGTON,-155
BASKETBALL,COLLEGE MENS,NORTH TEXAS,MISSISSIPPI VALLEY,n/a,"","",NORTH TEXAS,""
BASKETBALL,COLLEGE MENS,GONZAGA,NICHOLLS STATE,n/a,-20000,3500,GONZAGA,-20000
FOOTBALL,CFB,JAMES MADISON,WESTERN KENTUCKY,n/a,-285,230,JAMES MADISON,-285
FOOTBALL,CFB,UNLV,CALIFORNIA,n/a,-155,130,UNLV,-155
BASKETBALL,NBA,OKC THUNDER,MIL BUCKS,IN-SEASON TOURNAMENT,-205,170,MIL BUCKS,170
FOOTBALL,CFB,WEST VIRGINIA,MEMPHIS,n/a,180,-218,MEMPHIS,-218
BASKETBALL,COLLEGE MENS,HOWARD,DREXEL,n/a,102,-122,DREXEL,-122
BASKETBALL,COLLEGE MENS,UNC ASHEVILLE,NORTH FLORIDA,n/a,-155,130,UNC ASHEVILLE,-155
BASKETBALL,COLLEGE MENS,FLORIDA,NORTH CAROLINA,n/a,-166,140,FLORIDA,-166
BASKETBALL,COLLEGE MENS,DAYTON,UNLV,n/a,-700,500,DAYTON,-700
BASKETBALL,COLLEGE MENS,SOUTH CAROLINA,CLEMSON,n/a,110,-130,SOUTH CAROLINA,110
BASKETBALL,COLLEGE MENS,DUKE,GEORGE MASON,n/a,-4500,1700,DUKE,-4500
BASKETBALL,COLLEGE MENS,MICHIGAN STATE,OAKLAND,n/a,-1800,1000,MICHIGAN STATE,-1800
BASKETBALL,COLLEGE MENS,FLORIDA STATE,WINTHROP,n/a,-575,490,FLORIDA STATE,-575
BASKETBALL,COLLEGE MENS,WAKE FOREST,JAMES MADISON,n/a,-375,295,WAKE FOREST,-375
BASKETBALL,COLLEGE MENS,OLE MISS,SOUTHERN UNIVERSITY,n/a,-6500,2000,OLE MISS,-6500
BASKETBALL,COLLEGE MENS,QUINNIPIAC,HOLY CROSS,n/a,-600,440,HOLY CROSS,440
BASKETBALL,COLLEGE MENS,EAST CAROLINA,FIU,n/a,-360,285,EAST CAROLINA,-360
BASKETBALL,COLLEGE MENS,CHARLOTTE,WEST GEORGIA,n/a,-1200,750,CHARLOTTE,-1200
BASKETBALL,COLLEGE MENS,NORTH CAROLINA A&T,COASTAL CAROLINA,n/a,-180,150,COASTAL CAROLINA,150
BASKETBALL,COLLEGE MENS,GEORGIA SOUTHERN,GARDNER-WEBB,n/a,-166,140,GEORGIA SOUTHERN,-166
BASKETBALL,COLLEGE MENS,ROBERT MORRIS,TOWSON,n/a,110,-130,ROBERT MORRIS,110
BASKETBALL,COLLEGE MENS,TENNESSEE,WESTERN CAROLINA,n/a,-20000,3500,TENNESSEE,-20000
BASKETBALL,COLLEGE MENS,VILLANOVA,SETON HALL,n/a,-440,340,VILLANOVA,-440
BASKETBALL,COLLEGE MENS,MISSOURI,JACKSONVILLE STATE,n/a,-1650,950,MISSOURI,-1650
BASKETBALL,COLLEGE MENS,MISSISSIPPI STATE,CENTRAL MICHIGAN,n/a,-3600,1500,MISSISSIPPI STATE,-3600
BASKETBALL,COLLEGE MENS,WICHITA STATE,UMKC,n/a,-1450,850,UMKC,850
BASKETBALL,COLLEGE MENS,MARYLAND,SAINT FRANCIS PA,n/a,-20000,3500,MARYLAND,-20000
BASKETBALL,COLLEGE MENS,OHIO STATE,VALPARAISO,n/a,-4500,1700,OHIO STATE,-4500
BASKETBALL,COLLEGE MENS,KANSAS STATE,DRAKE,n/a,-125,105,DRAKE,105
BASKETBALL,COLLEGE MENS,WESTERN KENTUCKY,SEATTLE,n/a,-305,245,WESTERN KENTUCKY,-305
BASKETBALL,COLLEGE MENS,AUBURN,GEORGIA STATE,n/a,-20000,3500,AUBURN,-20000
BASKETBALL,COLLEGE MENS,SOUTHERN MISS,LAMAR,n/a,120,-142,LAMAR,-142
BASKETBALL,COLLEGE MENS,ULM,HOUSTON CHRISTIAN,n/a,-180,150,HOUSTON CHRISTIAN,150
BASKETBALL,COLLEGE MENS,WESTERN ILLINOIS,TENNESSEE TECH,n/a,-130,110,WESTERN ILLINOIS,-130
BASKETBALL,COLLEGE MENS,UTAH STATE,UC SAN DIEGO,n/a,-470,360,UC SAN DIEGO,360
BASKETBALL,COLLEGE MENS,COLORADO STATE,RADFORD,n/a,-950,625,COLORADO STATE,-950
BASKETBALL,COLLEGE MENS,BOISE STATE,TEXAS SOUTHERN,n/a,-8000,2200,BOISE STATE,-8000
BASKETBALL,COLLEGE MENS,LSU,STETSON,n/a,-4500,1700,LSU,-4500
BASKETBALL,COLLEGE MENS,UTAH,FLORIDA A&M,n/a,"","",UTAH,""
BASKETBALL,COLLEGE MENS,UCLA,PRAIRIE VIEW,n/a,-20000,3500,UCLA,-20000
BASKETBALL,COLLEGE MENS,STANFORD,MERRIMACK,n/a,-1650,950,STANFORD,-1650
BASKETBALL,COLLEGE MENS,CAL POLY,DENVER,n/a,-600,440,CAL POLY,-600
BASKETBALL,COLLEGE MENS,OREGON STATE,SACRAMENTO STATE,n/a,-4000,1600,OREGON STATE,-4000
BASKETBALL,COLLEGE MENS,CHARLESTON,WOFFORD,n/a,-270,220,CHARLESTON,-270
BASKETBALL,COLLEGE MENS,CENTRAL ARKANSAS,THE CITADEL,n/a,-170,142,CENTRAL ARKANSAS,-170
BASKETBALL,COLLEGE MENS,GRAMBLING,SE LOUISIANA,n/a,-135,114,SE LOUISIANA,114
BASKETBALL,COLLEGE MENS,MIDDLE TENNESSEE,CALIFORNIA BAPTIST,n/a,-198,164,MIDDLE TENNESSEE,-198
BASKETBALL,COLLEGE MENS,LOUISIANA TECH,GRAND CANYON,n/a,120,-142,LOUISIANA TECH,120
BASKETBALL,COLLEGE MENS,TCU,SOUTH ALABAMA,n/a,-900,600,TCU,-900
BASKETBALL,COLLEGE MENS,NORTHERN IOWA,MONTANA,n/a,-575,425,NORTHERN IOWA,-575
BASKETBALL,COLLEGE MENS,NORTHERN COLORADO,AIR FORCE,n/a,-520,390,NORTHERN COLORADO,-520
BASKETBALL,COLLEGE MENS,RICE,ALCORN,n/a,-1650,950,RICE,-1650
BASKETBALL,COLLEGE MENS,TEXAS TECH,ORAL ROBERTS,n/a,-4500,1700,TEXAS TECH,-4500
BASKETBALL,COLLEGE MENS,UTEP,TARLETON STATE,n/a,-1600,900,UTEP,-1600
BASKETBALL,COLLEGE MENS,NEW MEXICO STATE,SOUTHERN UTAH,n/a,-218,180,NEW MEXICO STATE,-218
FOOTBALL,NFL,MIN VIKINGS,CHI BEARS,n/a,-345,275,MIN VIKINGS,-345
FOOTBALL,NFL,LV RAIDERS,ATL FALCONS,n/a,240,-298,ATL FALCONS,-298
BASKETBALL,NBA,DET PISTONS,MIA HEAT,n/a,154,-185,DET PISTONS,154
BASKETBALL,NBA,CHA HORNETS,PHI 76ERS,n/a,130,-155,PHI 76ERS,-155
BASKETBALL,NBA,BKN NETS,CLE CAVALIERS,n/a,370,-485,CLE CAVALIERS,-485
BASKETBALL,NBA,TOR RAPTORS,CHI BULLS,n/a,102,-122,CHI BULLS,-122
BASKETBALL,NBA,SAC KINGS,DEN NUGGETS,n/a,-125,105,DEN NUGGETS,-125
BASKETBALL,NBA,LA CLIPPERS,UTA JAZZ,n/a,-355,280,LA CLIPPERS,-355
BASKETBALL,NBA,NY KNICKS,ATL HAWKS,IN-SEASON TOURNAMENT,-340,270,ATL HAWKS,270
BASKETBALL,NBA,HOU ROCKETS,GS WARRIORS,IN-SEASON TOURNAMENT,-142,120,HOU ROCKETS,-142
FOOTBALL,NFL,SF 49ERS,LA RAMS,n/a,-142,120,LA RAMS,120
BASKETBALL,NBA,BOS CELTICS,DET PISTONS,n/a,-800,550,BOS CELTICS,-800
BASKETBALL,NBA,MIA HEAT,TOR RAPTORS,n/a,-535,400,MIA HEAT,-535
BASKETBALL,NBA,NO PELICANS,SAC KINGS,n/a,220,-270,SAC KINGS,-270
BASKETBALL,COLLEGE MENS,VIRGINIA TECH,NORTH CAROLINA A&T,n/a,-1600,900,VIRGINIA TECH,-1600
BASKETBALL,COLLEGE MENS,VIRGINIA,BETHUNE-COOKMAN,n/a,-2100,1100,VIRGINIA,-2100
BASKETBALL,COLLEGE MENS,THE CITADEL,CAMPBELL,n/a,105,-125,CAMPBELL,-125
BASKETBALL,COLLEGE MENS,IOWA,IOWA STATE,n/a,195,-238,IOWA STATE,-238
BASKETBALL,COLLEGE MENS,TEXAS,NEW MEXICO STATE,n/a,-3600,1500,TEXAS,-3600
BASKETBALL,COLLEGE MENS,ARKANSAS STATE,UT ARLINGTON,n/a,-500,380,ARKANSAS STATE,-500
BASKETBALL,COLLEGE MENS,EVANSVILLE,CHATTANOOGA,n/a,-102,-118,CHATTANOOGA,-118
BASKETBALL,COLLEGE MENS,MERRIMACK,BOSTON UNIVERSITY,n/a,-192,160,MERRIMACK,-192
BASKETBALL,COLLEGE MENS,LOUISIANA TECH,GEORGIA SOUTHERN,n/a,-750,525,LOUISIANA TECH,-750
BASKETBALL,COLLEGE MENS,NEBRASKA,INDIANA,n/a,-180,150,NEBRASKA,-180
BASKETBALL,COLLEGE MENS,NORTHERN IOWA,OMAHA,n/a,-1600,900,NORTHERN IOWA,-1600
BASKETBALL,COLLEGE MENS,UTSA,NORTH DAKOTA,n/a,-325,260,UTSA,-325
BASKETBALL,COLLEGE MENS,COLORADO,SOUTH DAKOTA STATE,n/a,-455,350,COLORADO,-455
BASKETBALL,COLLEGE MENS,SAINT THOMAS MN,WESTERN MICHIGAN,n/a,-750,525,SAINT THOMAS MN,-750
BASKETBALL,COLLEGE MENS,UTAH TECH,WEBER STATE,n/a,140,-166,WEBER STATE,-166
BASKETBALL,NBA,CLE CAVALIERS,WAS WIZARDS,n/a,-1800,1000,CLE CAVALIERS,-1800
BASKETBALL,NBA,PHI 76ERS,IND PACERS,n/a,-250,205,IND PACERS,205
BASKETBALL,NBA,MEM GRIZZLIES,BKN NETS,n/a,-500,380,MEM GRIZZLIES,-500
BASKETBALL,NBA,CHI BULLS,CHA HORNETS,n/a,-250,205,CHI BULLS,-250
BASKETBALL,NBA,MIN TIMBERWOLVES,LA LAKERS,n/a,-355,280,MIN TIMBERWOLVES,-355
BASKETBALL,NBA,DEN NUGGETS,LA CLIPPERS,n/a,-245,200,DEN NUGGETS,-245
BASKETBALL,NBA,UTA JAZZ,PHO SUNS,n/a,240,-298,PHO SUNS,-298
BASKETBALL,NBA,POR TRAIL BLAZERS,SA SPURS,n/a,130,-155,SA SPURS,-155
BASKETBALL,COLLEGE MENS,CLEMSON,MEMPHIS,n/a,-258,210,MEMPHIS,210
BASKETBALL,COLLEGE MENS,PURDUE,TEXAS A&M,n/a,-142,120,TEXAS A&M,120
BASKETBALL,COLLEGE MENS,FURMAN,SOUTH CAROLINA STATE,n/a,-850,575,FURMAN,-850
BASKETBALL,COLLEGE MENS,SOUTH DAKOTA,WESTERN ILLINOIS,n/a,-470,360,SOUTH DAKOTA,-470
BASKETBALL,COLLEGE MENS,PENN STATE,COPPIN STATE,n/a,"","",PENN STATE,""
BASKETBALL,COLLEGE MENS,AUBURN,OHIO STATE,n/a,-800,550,AUBURN,-800
BASKETBALL,COLLEGE MENS,DEPAUL,WICHITA STATE,n/a,-185,154,DEPAUL,-185
BASKETBALL,COLLEGE MENS,LOUISIANA,LAMAR,n/a,-142,120,LAMAR,120
BASKETBALL,COLLEGE MENS,YOUNGSTOWN STATE,TOLEDO,n/a,-125,105,YOUNGSTOWN STATE,-125
BASKETBALL,COLLEGE MENS,JACKSONVILLE,ETSU,n/a,136,-162,JACKSONVILLE,136
BASKETBALL,COLLEGE MENS,CINCINNATI,XAVIER,n/a,-360,285,CINCINNATI,-360
BASKETBALL,COLLEGE MENS,UCF,TULSA,n/a,-675,490,UCF,-675
BASKETBALL,COLLEGE MENS,UMASS LOWELL,DARTMOUTH,n/a,-675,490,UMASS LOWELL,-675
BASKETBALL,COLLEGE MENS,FLORIDA ATLANTIC,TEXAS STATE,n/a,-425,330,FLORIDA ATLANTIC,-425
BASKETBALL,COLLEGE MENS,UNC ASHEVILLE,WESTERN CAROLINA,n/a,-425,330,UNC ASHEVILLE,-425
BASKETBALL,COLLEGE MENS,APPALACHIAN STATE,HIGH POINT,n/a,210,-258,HIGH POINT,-258
BASKETBALL,COLLEGE MENS,WESTERN KENTUCKY,MURRAY STATE,n/a,-245,200,WESTERN KENTUCKY,-245
BASKETBALL,COLLEGE MENS,LONGWOOD,NC CENTRAL,n/a,-355,280,NC CENTRAL,280
BASKETBALL,COLLEGE MENS,GARDNER-WEBB,QUEENS NC,n/a,-258,210,QUEENS NC,210
BASKETBALL,COLLEGE MENS,SOUTH CAROLINA,USC UPSTATE,n/a,-20000,3500,SOUTH CAROLINA,-20000
BASKETBALL,COLLEGE MENS,GEORGIA STATE,CHARLOTTE,n/a,-122,102,CHARLOTTE,102
BASKETBALL,COLLEGE MENS,BUTLER,WISCONSIN,n/a,180,-218,WISCONSIN,-218
BASKETBALL,COLLEGE MENS,ARIZONA,UCLA,n/a,-180,150,UCLA,150
BASKETBALL,COLLEGE MENS,RUTGERS,SETON HALL,n/a,-800,550,RUTGERS,-800
BASKETBALL,COLLEGE MENS,CALIFORNIA,NORTHWESTERN STATE,n/a,-1350,800,CALIFORNIA,-1350
BASKETBALL,COLLEGE MENS,HOWARD,UNC WILMINGTON,n/a,160,-192,HOWARD,160
BASKETBALL,COLLEGE MENS,BELLARMINE,BALL STATE,n/a,102,-122,BALL STATE,-122
BASKETBALL,COLLEGE MENS,UT ARLINGTON,ULM,n/a,-1350,800,UT ARLINGTON,-1350
BASKETBALL,COLLEGE MENS,KANSAS,NC STATE,n/a,-1450,850,KANSAS,-1450
BASKETBALL,COLLEGE MENS,ARIZONA STATE,FLORIDA,n/a,245,-305,FLORIDA,-305
BASKETBALL,COLLEGE MENS,NORTH CAROLINA,LA SALLE,n/a,-3600,1500,NORTH CAROLINA,-3600
BASKETBALL,COLLEGE MENS,SOUTHERN MISS,OLE MISS,n/a,1600,-4000,OLE MISS,-4000
BASKETBALL,COLLEGE MENS,UTAH STATE,SOUTH FLORIDA,n/a,-1600,900,UTAH STATE,-1600
BASKETBALL,COLLEGE MENS,SMU,LSU,n/a,-198,164,SMU,-198
BASKETBALL,COLLEGE MENS,ARKANSAS,CENTRAL ARKANSAS,n/a,-20000,3500,ARKANSAS,-20000
BASKETBALL,COLLEGE MENS,PEPPERDINE,NORTHERN ARIZONA,n/a,-162,136,PEPPERDINE,-162
BASKETBALL,COLLEGE MENS,MARSHALL,OHIO,n/a,-112,-108,MARSHALL,-112
BASKETBALL,COLLEGE MENS,STETSON,FIU,n/a,145,-175,FIU,-175
BASKETBALL,COLLEGE MENS,VALPARAISO,CENTRAL MICHIGAN,n/a,-115,-105,VALPARAISO,-115
BASKETBALL,COLLEGE MENS,FLORIDA STATE,TULANE,n/a,-625,455,FLORIDA STATE,-625
BASKETBALL,COLLEGE MENS,SANTA CLARA,BRADLEY,n/a,-166,140,SANTA CLARA,-166
BASKETBALL,COLLEGE MENS,LINDENWOOD,IU INDIANAPOLIS,n/a,-108,-112,LINDENWOOD,-108
BASKETBALL,COLLEGE MENS,WASHINGTON STATE,MISSOURI STATE,n/a,-700,500,WASHINGTON STATE,-700
BASKETBALL,COLLEGE MENS,OREGON STATE,UC IRVINE,n/a,-142,120,OREGON STATE,-142
BASKETBALL,COLLEGE MENS,WEST VIRGINIA,BETHUNE-COOKMAN,n/a,-10000,3000,WEST VIRGINIA,-10000
BASKETBALL,COLLEGE MENS,JACKSONVILLE STATE,UTAH VALLEY,n/a,-155,130,JACKSONVILLE STATE,-155
BASKETBALL,COLLEGE MENS,AUSTIN PEAY,SOUTHERN ILLINOIS,n/a,114,-135,SOUTHERN ILLINOIS,-135
BASKETBALL,COLLEGE MENS,NORTH FLORIDA,UNC GREENSBOR0,n/a,-110,-110,NORTH FLORIDA,-110
BASKETBALL,COLLEGE MENS,KENTUCKY,LOUISVILLE,n/a,-600,440,KENTUCKY,-600
BASKETBALL,COLLEGE MENS,ILLINOIS,TENNESSEE,n/a,110,-130,TENNESSEE,-130
BASKETBALL,COLLEGE MENS,MISSISSIPPI STATE,MCNEESE,n/a,-470,360,MISSISSIPPI STATE,-470
BASKETBALL,COLLEGE MENS,GEORGIA,GRAND CANYON,n/a,-298,240,GEORGIA,-298
BASKETBALL,COLLEGE MENS,DUQUESNE,TOWSON,n/a,124,-148,DUQUESNE,124
BASKETBALL,COLLEGE MENS,RICHMOND,BELMONT,n/a,110,-130,BELMONT,-130
BASKETBALL,COLLEGE MENS,DAYTON,MARQUETTE,n/a,-112,108,DAYTON,-112
BASKETBALL,COLLEGE MENS,DAVIDSON,DETROIT MERCY,n/a,-1600,900,DAVIDSON,-1600
BASKETBALL,COLLEGE MENS,UTAH,RADFORD,n/a,-2400,1200,UTAH,-2400
BASKETBALL,COLLEGE MENS,LIBERTY,NORTH CAROLINA A&T,n/a,-3200,1400,LIBERTY,-3200
BASKETBALL,COLLEGE MENS,UC SANTA BARBARA,GREEN BAY,n/a,-1000,650,UC SANTA BARBARA,-1000
BASKETBALL,COLLEGE MENS,FRESNO STATE,SAN DIEGO,n/a,-238,195,FRESNO STATE,-238
BASKETBALL,COLLEGE MENS,MOUNT SAINT MARYS,LOYOLA MARYLAND,n/a,-192,160,LOYOLA MARYLAND,160
BASKETBALL,COLLEGE MENS,COLORADO STATE,VCU,n/a,215,-265,VCU,-265
BASKETBALL,COLLEGE MENS,UCONN,GONZAGA,n/a,124,-148,UCONN,124
BASKETBALL,COLLEGE MENS,OKLAHOMA STATE,OKLAHOMA,n/a,170,-205,OKLAHOMA,-205
BASKETBALL,COLLEGE MENS,EASTERN KENTUCKY,EASTERN ILLINOIS,n/a,-550,410,EASTERN KENTUCKY,-550
BASKETBALL,COLLEGE MENS,UMKC,BOWLING GREEN,n/a,-162,136,UMKC,-162
BASKETBALL,COLLEGE MENS,ALABAMA,CREIGHTON,n/a,-750,525,ALABAMA,-750
BASKETBALL,COLLEGE MENS,BYU,WYOMING,n/a,-1800,1000,BYU,-1800
BASKETBALL,COLLEGE MENS,LOYOLA MARYMOUNT,PRAIRIE VIEW,n/a,-3200,1400,LOYOLA MARYMOUNT,-3200
BASKETBALL,COLLEGE MENS,BOISE STATE,SAINT MARYS,n/a,124,-148,BOISE STATE,124
BASKETBALL,COLLEGE MENS,NEVADA,TEXAS SOUTHERN,n/a,-5000,1800,NEVADA,-5000
BASKETBALL,COLLEGE MENS,SAN JOSE STATE,CAL POLY,n/a,-218,180,SAN JOSE STATE,-218
BASKETBALL,COLLEGE MENS,SACRAMENTO STATE,UC DAVIS,n/a,245,-305,UC DAVIS,-305
BASKETBALL,COLLEGE MENS,UNLV,PACIFIC,n/a,-1000,650,UNLV,-1000
BASKETBALL,COLLEGE MENS,HAWAII,A&M-CORPUS CHRISTI,n/a,-225,185,HAWAII,-225
BASKETBALL,NBA,MIL BUCKS,ATL HAWKS,n/a,-185,154,MIL BUCKS,-185
BASKETBALL,NBA,OKC THUNDER,HOU ROCKETS,n/a,-245,200,OKC THUNDER,-245
FOOTBALL,CFB,WESTERN MICHIGAN,SOUTH ALABAMA,n/a,235,-290,SOUTH ALABAMA,-290
BASKETBALL,COLLEGE MENS,VIRGINIA TECH,NAVY,n/a,-1050,675,VIRGINIA TECH,-1050
BASKETBALL,COLLEGE MENS,EAST TEXAS A&M,SOUTH ALABAMA,n/a,275,-345,SOUTH ALABAMA,-345
BASKETBALL,COLLEGE MENS,RHODE ISLAND,CENTRAL CONNECTICUT STATE,n/a,-520,390,RHODE ISLAND,-520
BASKETBALL,COLLEGE MENS,OLD DOMINION,NORTHEASTERN,n/a,235,-290,NORTHEASTERN,-290
BASKETBALL,COLLEGE MENS,NORTHERN KENTUCKY,NORFOLK STATE,n/a,-170,142,NORTHERN KENTUCKY,-170
BASKETBALL,COLLEGE MENS,IOWA STATE,OMAHA,n/a,"","",IOWA STATE,""
BASKETBALL,COLLEGE MENS,MILWAUKEE,AKRON,n/a,-118,-102,MILWAUKEE,-118
BASKETBALL,COLLEGE MENS,MIAMI FL,PRESBYTERIAN,n/a,-2100,1100,MIAMI FL,-2100
BASKETBALL,COLLEGE MENS,NORTH DAKOTA STATE,WESTERN MICHIGAN,n/a,-380,300,NORTH DAKOTA STATE,-380
BASKETBALL,COLLEGE MENS,CHATTANOOGA,ALABAMA A&M,n/a,-1800,1000,CHATTANOOGA,-1800
BASKETBALL,COLLEGE MENS,MERCER,CHICAGO STATE,n/a,-1650,950,MERCER,-1650
BASKETBALL,COLLEGE MENS,EASTERN MICHIGAN,PURDUE FORT WAYNE,n/a,195,-238,PURDUE FORT WAYNE,-238
BASKETBALL,COLLEGE MENS,LITTLE ROCK,ILLINOIS CHICAGO,n/a,-155,130,ILLINOIS CHICAGO,130
BASKETBALL,COLLEGE MENS,MORGAN STATE,CAMPBELL,n/a,190,-230,MORGAN STATE,190
BASKETBALL,COLLEGE MENS,IOWA,NEW ORLEANS,n/a,"","",IOWA,""
BASKETBALL,COLLEGE MENS,NORTH DAKOTA,UTSA,n/a,100,-120,UTSA,-120
BASKETBALL,COLLEGE MENS,TEXAS,ARKANSAS-PINE BLUFF,n/a,"","",TEXAS,""
BASKETBALL,COLLEGE MENS,BOSTON COLLEGE,STONEHILL,n/a,-1800,1000,BOSTON COLLEGE,-1800
BASKETBALL,COLLEGE MENS,GEORGIA TECH,NORTHWESTERN,n/a,220,-270,NORTHWESTERN,-270
BASKETBALL,COLLEGE MENS,KENT STATE,MERCYHURST,n/a,-2400,1200,KENT STATE,-2400
BASKETBALL,COLLEGE MENS,ILLINOIS STATE,SAINT LOUIS,n/a,105,-125,ILLINOIS STATE,105
BASKETBALL,COLLEGE MENS,CAL STATE FULLERTON,DENVER,n/a,-166,140,CAL STATE FULLERTON,-166
BASKETBALL,COLLEGE MENS,OREGON,STEPHEN F. AUSTIN,n/a,-6500,2000,OREGON,-6500
BASKETBALL,COLLEGE MENS,UAB,ARKANSAS STATE,n/a,-175,145,ARKANSAS STATE,145
BASKETBALL,COLLEGE MENS,LOYOLA CHICAGO,SAN FRANCISCO,n/a,130,-155,SAN FRANCISCO,-155
BASKETBALL,COLLEGE MENS,IDAHO,UC SAN DIEGO,n/a,300,-380,UC SAN DIEGO,-380
BASKETBALL,COLLEGE MENS,USC,MONTANA STATE,n/a,-425,330,USC,-425
BASKETBALL,NBA,IND PACERS,NO PELICANS,n/a,-285,230,IND PACERS,-285
BASKETBALL,NBA,ORL MAGIC,NY KNICKS,n/a,154,-185,NY KNICKS,-185
BASKETBALL,NBA,WAS WIZARDS,BOS CELTICS,n/a,1000,-1800,BOS CELTICS,-1800
BASKETBALL,NBA,SA SPURS,MIN TIMBERWOLVES,n/a,150,-180,MIN TIMBERWOLVES,-180
BASKETBALL,NBA,PHO SUNS,POR TRAIL BLAZERS,n/a,-575,425,PHO SUNS,-575
BASKETBALL,NBA,GS WARRIORS,DAL MAVERICKS,n/a,124,-148,DAL MAVERICKS,-148
BASKETBALL,NBA,LA LAKERS,MEM GRIZZLIES,n/a,150,-180,LA LAKERS,150